Buyer_ID,Buyer_Name,Team,Region
BUY01,Aarav Mehta,Strategic Sourcing,North
BUY02,Ishita Sharma,Category Procurement,South
BUY03,Rohan Kapoor,Operations Procurement,West
BUY04,Neha Verma,Strategic Sourcing,Central
BUY05,Kabir Joshi,Category Procurement,East
BUY06,Meera Nair,Operations Procurement,North
BUY07,Arjun Rao,Strategic Sourcing,South
BUY08,Priya Iyer,Category Procurement,West
BUY09,Dev Malhotra,Operations Procurement,Central
BUY10,Sneha Kulkarni,Strategic Sourcing,East
BUY11,Vikram Singh,Category Procurement,North
BUY12,Ananya Das,Operations Procurement,South
BUY13,Karan Patel,Strategic Sourcing,West
BUY14,Ritika Jain,Category Procurement,Central
BUY15,Samar Khan,Operations Procurement,East
