PO_Line_ID,PO_ID,Order_Date,Promised_Date,Supplier_ID,Product_ID,Warehouse_ID,Buyer_ID,Contract_Unit_Price_INR,Actual_Unit_Price_INR,Payment_Terms,PO_Status
POL000001,PO202500001,2025-01-20,2025-02-03,SUP038,PRD064,WH004,BUY05,"?2,177.13","?2,029.19",Net 60,Closed
POL000002,PO202500001,2025-01-20,2025-01-29,SUP038,PRD070,WH004,BUY05,"?2,302.39","?2,524.87",Net 60,Closed
POL000003,PO202500002,2025-01-25,2025-02-05,SUP016,PRD085,WH004,BUY13,?679.91,?680.51,Net 60,Closed
POL000004,PO202500002,2025-01-25,2025-02-06,SUP016,PRD096,WH004,BUY13,?940.62,?930.59,Net 45,Closed
POL000005,PO202500003,2025-01-23,2025-02-03,SUP048,PRD090,WH002,BUY09,"?2,328.48","?2,365.11",Net 30,Closed
POL000006,PO202500003,2025-01-23,2025-01-27,SUP048,PRD089,WH002,BUY09,"?1,756.06","?1,622.76",COD,Closed
POL000007,PO202500003,2025-01-23,2025-02-02,SUP048,PRD094,WH002,BUY09,"?2,624.09","?2,631.41",Net 60,Closed
POL000008,PO202500003,2025-01-23,2025-02-01,SUP048,PRD095,WH002,BUY09,"?4,613.88","?4,604.12",Net 45,Closed
POL000009,PO202500004,2025-01-19,2025-02-01,SUP031,PRD079,WH001,BUY06,"?10,156.59","?10,339.03",Net 45,Closed
POL000010,PO202500004,2025-01-19,2025-01-31,SUP031,PRD080,WH001,BUY06,"?9,363.68","?9,322.86",Advance,Closed
POL000011,PO202500004,2025-01-19,2025-01-26,SUP031,PRD076,WH001,BUY06,"?6,493.77","?6,643.41",Net 60,Closed
POL000012,PO202500004,2025-01-19,2025-01-27,SUP031,PRD078,WH001,BUY06,"?7,005.82","?7,125.77",Advance,Closed
POL000013,PO202500005,2025-01-15,2025-01-23,SUP006,PRD067,WH010,BUY12,"?8,084.11","?8,064.13",Net 30,Closed
POL000014,PO202500005,2025-01-15,2025-01-22,SUP006,PRD071,WH010,BUY12,"?2,862.89","?3,094.39",Net 30,Closed
POL000015,PO202500006,2025-01-19,2025-01-28,SUP002,PRD013,WH008,BUY03,"?3,356.45","?3,408.25",Advance,Closed
POL000016,PO202500006,2025-01-19,2025-01-26,SUP002,PRD016,WH008,BUY03,"?5,586.04","?5,538.67",COD,Closed
POL000017,PO202500006,2025-01-19,2025-01-30,SUP002,PRD019,WH008,BUY03,"?7,256.75","?7,231.93",Net 30,Closed
POL000018,PO202500006,2025-01-19,2025-01-25,SUP002,PRD024,WH008,BUY03,"?3,724.71","?3,731.08",Net 45,Closed
POL000019,PO202500007,2025-01-03,2025-01-15,SUP018,PRD015,WH006,BUY07,"?6,489.73","?6,628.88",Net 30,Closed
POL000020,PO202500007,2025-01-03,2025-01-12,SUP018,PRD017,WH006,BUY07,"?3,262.15","?3,245.29",Advance,Closed
POL000021,PO202500007,2025-01-03,2025-01-11,SUP018,PRD021,WH006,BUY07,?650.94,?659.67,Advance,Closed
POL000022,PO202500008,2025-01-25,2025-02-04,SUP006,PRD070,WH010,BUY07,"?2,328.78","?2,300.14",Advance,Closed
POL000023,PO202500008,2025-01-25,2025-02-05,SUP006,PRD071,WH010,BUY07,"?2,955.08","?2,942.64",Net 45,Closed
POL000024,PO202500008,2025-01-25,2025-02-06,SUP006,PRD072,WH010,BUY07,"?8,370.74","?9,183.37",Net 30,Closed
POL000025,PO202500009,2025-01-08,2025-01-16,SUP022,PRD066,WH008,BUY13,?982.32,?990.43,Net 30,Closed
POL000026,PO202500009,2025-01-08,2025-01-18,SUP022,PRD067,WH008,BUY13,"?7,982.56","?8,125.32",Net 45,Closed
POL000027,PO202500010,2025-01-24,2025-01-31,SUP012,PRD037,WH002,BUY06,"?2,999.28","?3,088.86",Net 30,Closed
POL000028,PO202500010,2025-01-24,2025-02-04,SUP012,PRD040,WH002,BUY06,?955.24,?975.49,Advance,Closed
POL000029,PO202500011,2025-01-25,2025-02-07,SUP013,PRD054,WH001,BUY13,?254.99,?258.43,Net 30,Closed
POL000030,PO202500011,2025-01-25,2025-02-04,SUP013,PRD053,WH001,BUY13,"?2,799.44","?2,874.32",Net 60,Closed
POL000031,PO202500012,2025-01-13,2025-01-25,SUP044,PRD043,WH002,BUY12,"?1,554.10","?1,430.01",COD,Closed
POL000032,PO202500012,2025-01-13,2025-01-18,SUP044,PRD039,WH002,BUY12,"?2,158.32","?2,130.75",Net 45,Closed
POL000033,PO202500013,2025-01-17,2025-01-27,SUP014,PRD069,WH010,BUY07,"?7,397.92","?7,512.84",Net 60,Closed
POL000034,PO202500013,2025-01-17,2025-01-28,SUP014,PRD068,WH010,BUY07,"?5,871.05","?6,559.66",Advance,Closed
POL000035,PO202500013,2025-01-17,2025-01-29,SUP014,PRD067,WH010,BUY07,"?8,217.10","?8,412.21",Net 45,Closed
POL000036,PO202500014,2025-01-17,2025-01-31,SUP001,PRD004,WH010,BUY14,?383.10,?392.11,Net 30,Closed
POL000037,PO202500014,2025-01-17,2025-01-25,SUP001,PRD010,WH010,BUY14,?744.32,?826.22,Net 30,Closed
POL000038,PO202500014,2025-01-17,2025-01-25,SUP001,PRD001,WH010,BUY14,?566.03,?575.54,Net 60,Closed
POL000039,PO202500014,2025-01-17,2025-01-28,SUP001,PRD003,WH010,BUY14,?561.66,?564.77,Net 30,Closed
POL000040,PO202500015,2025-01-07,2025-01-13,SUP016,PRD096,WH007,BUY10,?947.29,?942.05,COD,Closed
POL000041,PO202500015,2025-01-07,2025-01-20,SUP016,PRD094,WH007,BUY10,"?2,386.19","?2,256.78",Advance,Closed
POL000042,PO202500015,2025-01-07,2025-01-20,SUP016,PRD090,WH007,BUY10,"?2,228.13","?2,279.74",Net 45,Closed
POL000043,PO202500016,2025-01-13,2025-01-23,SUP012,PRD047,WH004,BUY12,"?1,746.20","1,742.99",Net 60,Closed
POL000044,PO202500016,2025-01-13,2025-01-21,SUP012,PRD044,WH004,BUY12,?793.91,?798.30,COD,Closed
POL000045,PO202500016,2025-01-13,2025-01-27,SUP012,PRD046,WH004,BUY12,?418.33,?428.40,COD,Closed
POL000046,PO202500016,2025-01-13,2025-01-24,SUP012,PRD038,WH004,BUY12,"?2,774.45","?2,813.09",COD,Closed
POL000047,PO202500017,2025-01-16,2025-01-28,SUP015,PRD083,WH009,BUY11,"?9,408.30","?9,375.52",Net 45,Closed
POL000048,PO202500017,2025-01-16,2025-01-25,SUP015,PRD082,WH009,BUY11,?756.45,?773.11,Net 60,Closed
POL000049,PO202500017,2025-01-16,2025-01-26,SUP015,PRD080,WH009,BUY11,"?8,884.43","?8,779.70",Advance,Closed
POL000050,PO202500018,2025-01-24,2025-02-05,SUP006,PRD063,WH010,BUY15,"?5,547.88","?5,544.36",COD,Closed
POL000051,PO202500018,2025-01-24,2025-02-04,SUP006,PRD061,WH010,BUY15,"?4,500.67","?4,576.49",Net 30,Closed
POL000052,PO202500019,2025-01-21,2025-01-27,SUP025,PRD012,WH003,BUY10,?791.17,?827.67,Net 45,Closed
POL000053,PO202500019,2025-01-21,2025-02-02,SUP025,PRD008,WH003,BUY10,?895.08,?895.76,Net 30,Closed
POL000054,PO202500020,2025-01-02,2025-01-09,SUP016,PRD095,WH003,BUY10,"?4,229.40","?4,168.61",Net 30,Closed
POL000055,PO202500020,2025-01-02,2025-01-15,SUP016,PRD089,WH003,BUY10,"?1,794.33","?1,792.60",Net 60,Closed
POL000056,PO202500020,2025-01-02,2025-01-10,SUP016,PRD086,WH003,BUY10,?29.89,?30.12,Net 60,Closed
POL000057,PO202500020,2025-01-02,2025-01-10,SUP016,PRD092,WH003,BUY10,?168.29,?167.09,COD,Closed
POL000058,PO202500021,2025-01-25,2025-01-31,SUP029,PRD049,WH004,BUY10,"?1,386.03","?1,281.95",Advance,Closed
POL000059,PO202500021,2025-01-25,2025-01-31,SUP029,PRD058,WH004,BUY10,"?6,429.72","?6,458.07",Net 30,Closed
POL000060,PO202500021,2025-01-25,2025-01-31,SUP029,PRD052,WH004,BUY10,"?1,715.18","?1,884.89",COD,Closed
POL000061,PO202500021,2025-01-25,2025-02-07,SUP029,PRD057,WH004,BUY10,"?10,621.42","?10,753.95",Net 30,Closed
POL000062,PO202500022,2025-01-07,2025-01-13,SUP048,PRD087,WH005,BUY02,"?2,482.84","?2,532.70",Net 45,Closed
POL000063,PO202500022,2025-01-07,2025-01-13,SUP048,PRD088,WH005,BUY02,"?1,118.68","?1,104.04",COD,Closed
POL000064,PO202500023,2025-01-14,2025-01-26,SUP029,PRD056,WH005,BUY08,"?1,583.52","?1,608.06",Net 60,Closed
POL000065,PO202500023,2025-01-14,2025-01-22,SUP029,PRD054,WH005,BUY08,?249.23,?238.64,Net 60,Closed
POL000066,PO202500023,2025-01-14,2025-01-23,SUP029,PRD060,WH005,BUY08,"?9,207.39","?9,232.00",Net 60,Closed
POL000067,PO202500024,2025-01-09,2025-01-13,SUP017,PRD003,WH004,BUY05,?527.43,?525.10,Net 30,Closed
POL000068,PO202500024,2025-01-09,2025-01-16,SUP017,PRD009,WH004,BUY05,?94.75,?95.01,Net 30,closed
POL000069,PO202500025,2025-01-23,2025-01-31,SUP001,PRD002,WH004,BUY06,?353.55,?342.05,Net 60,Closed
POL000070,PO202500025,2025-01-23,2025-02-05,SUP001,PRD007,WH004,BUY06,?308.15,?317.38,Net 30,Closed
POL000071,PO202500025,2025-01-23,2025-02-01,SUP001,PRD001,WH004,BUY06,?533.51,?547.01,Net 45,Closed
POL000072,PO202500025,2025-01-23,2025-01-30,SUP001,PRD003,WH004,BUY06,?563.21,?560.75,Net 45,Closed
POL000073,PO202500026,2025-01-03,2025-01-09,SUP031,PRD075,WH002,BUY14,"?7,317.49","?7,474.38",Net 45,Closed
POL000074,PO202500026,2025-01-03,2025-01-16,SUP031,PRD078,WH002,BUY14,"?6,981.44","?7,006.52",Net 60,Closed
POL000075,PO202500027,2025-01-04,2025-01-15,SUP011,PRD025,WH003,BUY11,"?8,591.65","?8,232.06",COD,Closed
POL000076,PO202500027,2025-01-04,2025-01-14,SUP011,PRD031,WH003,BUY11,"?7,408.95","?7,556.50",COD,Closed
POL000077,PO202500027,2025-01-04,2025-01-10,SUP011,PRD036,WH003,BUY11,?616.09,?631.33,Advance,Closed
POL000078,PO202500028,2025-01-24,2025-02-02,SUP010,PRD016,WH008,BUY15,"?6,094.52","?6,708.49",COD,Closed
POL000079,PO202500028,2025-01-24,2025-01-30,SUP010,PRD018,WH008,BUY15,"?4,884.96","?4,848.82",Net 60,Closed
POL000080,PO202500028,2025-01-24,2025-02-03,SUP010,PRD020,WH008,BUY15,"?1,996.74","?2,042.43",COD,Closed
POL000081,PO202500029,2025-01-23,2025-02-01,SUP026,PRD023,WH002,BUY03,"?1,431.13","?1,540.70",Advance,Closed
POL000082,PO202500029,2025-01-23,2025-02-06,SUP026,PRD018,WH002,BUY03,"?4,847.06","?4,944.07",Net 45,Closed
POL000083,PO202500029,2025-01-23,2025-02-06,SUP026,PRD015,WH002,BUY03,"?6,445.64","?6,351.33",Advance,Closed
POL000084,PO202500029,2025-01-23,2025-01-30,SUP026,PRD022,WH002,BUY03,"?4,604.45","?4,723.48",Net 60,Closed
POL000085,PO202500030,2025-01-15,2025-01-23,SUP042,PRD020,WH007,BUY09,"?2,168.64","?2,164.11",Net 45,Closed
POL000086,PO202500030,2025-01-15,2025-01-27,SUP042,PRD018,WH007,BUY09,"?4,644.10","?4,610.72",COD,Closed
POL000087,PO202500030,2025-01-15,2025-01-25,SUP042,PRD014,WH007,BUY09,"?1,552.68","?1,703.68",Net 30,Closed
POL000088,PO202500030,2025-01-15,2025-01-23,SUP042,PRD024,WH007,BUY09,"?3,854.61","?3,879.71",COD,Closed
POL000089,PO202500031,2025-01-16,2025-01-29,SUP016,PRD093,WH002,BUY01,"?4,074.71","?4,105.36",Net 45,Closed
POL000090,PO202500031,2025-01-16,2025-01-27,SUP016,PRD096,WH002,BUY01,?985.81,?986.44,Net 30,Closed
POL000091,PO202500032,2025-01-19,2025-01-29,SUP001,PRD001,WH009,BUY06,?582.38,?575.93,Advance,Closed
POL000092,PO202500032,2025-01-19,2025-01-30,SUP001,PRD009,WH009,BUY06,?99.08,?100.82,Net 60,Closed
POL000093,PO202500032,2025-01-19,2025-01-25,SUP001,PRD005,WH009,BUY06,?123.00,?122.64,Net 60,Closed
POL000094,PO202500032,2025-01-19,2025-01-25,SUP001,PRD004,WH009,BUY06,?357.01,?354.25,Advance,Closed
POL000095,PO202500033,2025-01-09,2025-01-22,SUP026,PRD017,WH008,BUY05,"?3,233.41","?3,553.27",COD,Closed
POL000096,PO202500033,2025-01-09,2025-01-21,SUP026,PRD014,WH008,BUY05,"?1,524.12","?1,514.08",Net 45,Closed
POL000097,PO202500034,2025-01-24,2025-02-05,SUP015,PRD084,WH002,BUY01,"?3,549.22","?3,301.07",Advance,Closed
POL000098,PO202500034,2025-01-24,2025-02-03,SUP015,PRD080,WH002,BUY01,"?8,650.69","?8,786.39",Net 30,Closed
POL000099,PO202500035,2025-01-09,2025-01-22,SUP024,PRD089,WH009,BUY14,"?1,762.91","?1,811.60",Net 30,Closed
POL000100,PO202500035,2025-01-09,2025-01-18,SUP024,PRD088,WH009,BUY14,"?1,138.70","?1,123.54",Advance,Closed
POL000101,PO202500036,2025-01-22,2025-01-31,SUP048,PRD090,WH001,BUY10,"?2,317.45","?2,386.03",Net 45,Closed
POL000102,PO202500036,2025-01-22,2025-01-29,SUP048,PRD086,WH001,BUY10,?32.07,?32.32,Net 45,Closed
POL000103,PO202500037,2025-01-21,2025-02-02,SUP018,PRD024,WH006,BUY10,"?3,690.79","?3,700.16",Net 45,Closed
POL000104,PO202500037,2025-01-21,2025-01-30,SUP018,PRD021,WH006,BUY10,?604.57,?621.83,COD,Closed
POL000105,PO202500037,2025-01-21,2025-01-31,SUP018,PRD017,WH006,BUY10,"?3,462.90","?3,795.68",advance,Closed
POL000106,PO202500037,2025-01-21,2025-01-31,SUP018,PRD022,WH006,BUY10,"?4,124.92","?3,923.31",Advance,Closed
POL000107,PO202500038,2025-01-17,2025-01-27,SUP045,PRD051,WH006,BUY07,"?8,594.96","?8,703.92",Advance,Closed
POL000108,PO202500038,2025-01-17,2025-01-24,SUP045,PRD052,WH006,BUY07,"?1,669.51","?1,715.37",Advance,Closed
POL000109,PO202500039,2025-01-08,2025-01-19,SUP005,PRD049,WH007,BUY02,"?1,382.02","?1,384.30",Net 30,Closed
POL000110,PO202500039,2025-01-08,2025-01-13,SUP005,PRD053,WH007,BUY02,"?2,637.63","?2,603.68",Net 30,Closed
POL000111,PO202500039,2025-01-08,2025-01-19,SUP005,PRD060,WH007,BUY02,"?9,334.34","?9,401.40",COD,Closed
POL000112,PO202500040,2025-01-23,2025-02-04,SUP043,PRD033,WH004,BUY08,"?2,768.35","?2,841.27",Advance,Closed
POL000113,PO202500040,2025-01-23,2025-02-01,SUP043,PRD029,WH004,BUY08,"?2,336.22","?2,390.33",Net 30,Closed
POL000114,PO202500040,2025-01-23,2025-02-01,SUP043,PRD030,WH004,BUY08,"?5,341.57","?5,429.98",Net 60,Closed
POL000115,PO202500041,2025-02-04,2025-02-11,SUP044,PRD041,WH005,BUY15,?989.60,?985.77,Net 45,Closed
POL000116,PO202500041,2025-02-04,2025-02-09,SUP044,PRD042,WH005,BUY15,?464.41,?462.51,Net 60,Closed
POL000117,PO202500041,2025-02-04,2025-02-12,SUP044,PRD038,WH005,BUY15,"?2,969.44","?2,985.57",Net 30,Closed
POL000118,PO202500042,2025-02-17,2025-02-23,SUP026,PRD017,WH002,BUY01,"?3,191.26","?3,172.88",Net 45,Closed
POL000119,PO202500042,2025-02-17,2025-02-25,SUP026,PRD016,WH002,BUY01,"?5,697.86","?5,724.59",Advance,Closed
POL000120,PO202500042,2025-02-17,2025-02-27,SUP026,PRD018,WH002,BUY01,"?5,031.31","?5,122.03",COD,Closed
POL000121,PO202500042,2025-02-17,2025-03-03,SUP026,PRD023,WH002,BUY01,"?1,426.26","?1,451.76",Net 45,Closed
POL000122,PO202500043,2025-02-04,2025-02-18,SUP038,PRD064,WH007,BUY12,"?2,193.76","?2,198.54",COD,Closed
POL000123,PO202500043,2025-02-04,2025-02-16,SUP038,PRD071,WH007,BUY12,"?2,884.06","?2,848.11",Net 60,Closed
POL000124,PO202500044,2025-02-20,2025-02-24,SUP044,PRD038,WH006,BUY15,"?2,899.54","?2,943.98",Net 60,Closed
POL000125,PO202500044,2025-02-20,2025-02-24,SUP044,PRD037,WH006,BUY15,"?2,943.38","?2,963.85",COD,Closed
POL000126,PO202500044,2025-02-20,2025-03-04,SUP044,PRD039,WH006,BUY15,"?2,077.58","?2,076.86",Net 45,Closed
POL000127,PO202500045,2025-02-03,2025-02-10,SUP022,PRD061,WH002,BUY09,"?4,654.29","?4,633.59",Advance,Closed
POL000128,PO202500045,2025-02-03,2025-02-14,SUP022,PRD066,WH002,BUY09,?964.80,?984.52,Advance,Closed
POL000129,PO202500046,2025-02-01,2025-02-12,SUP046,PRD070,WH008,BUY13,"?2,510.01","?2,720.37",COD,Closed
POL000130,PO202500046,2025-02-01,2025-02-10,SUP046,PRD061,WH008,BUY13,"?4,732.51","?4,828.38",Net 60,Closed
POL000131,PO202500046,2025-02-01,2025-02-15,SUP046,PRD063,WH008,BUY13,"?6,163.47","?6,171.47",Net 60,Closed
POL000132,PO202500046,2025-02-01,2025-02-10,SUP046,PRD062,WH008,BUY13,"?5,982.38","?6,042.38",Net 45,Closed
POL000133,PO202500047,2025-02-02,2025-02-13,SUP017,PRD012,WH006,BUY10,?727.06,?737.40,Net 30,Cancelled
POL000134,PO202500047,2025-02-02,2025-02-14,SUP017,PRD010,WH006,BUY10,?792.67,?798.66,Advance,Closed
POL000135,PO202500048,2025-02-18,2025-02-27,SUP028,PRD041,WH009,BUY01,?986.83,"?1,002.21",Net 30,Closed
POL000136,PO202500048,2025-02-18,2025-03-01,SUP028,PRD042,WH009,BUY01,?469.62,?462.77,Net 30,Closed
POL000137,PO202500048,2025-02-18,2025-02-27,SUP028,PRD043,WH009,BUY01,"?1,535.35","?1,562.27",Advance,Closed
POL000138,PO202500048,2025-02-18,2025-03-03,SUP028,PRD038,WH009,BUY01,"?2,776.39","?2,786.01",Advance,Closed
POL000139,PO202500049,2025-02-08,2025-02-16,SUP043,PRD029,WH005,BUY04,"?2,406.94","?2,473.48",Net 60,Closed
POL000140,PO202500049,2025-02-08,2025-02-15,SUP043,PRD035,WH005,BUY04,"?11,351.24","?11,605.01",Net 45,Closed
POL000141,PO202500050,2025-02-16,2025-02-22,SUP025,PRD006,WH003,BUY10,?473.84,?468.73,COD,Closed
POL000142,PO202500050,2025-02-16,2025-02-22,SUP025,PRD008,WH003,BUY10,?842.97,?848.20,COD,Closed
POL000143,PO202500050,2025-02-16,2025-02-26,SUP025,PRD010,WH003,BUY10,?750.75,?772.23,COD,Closed
POL000144,PO202500050,2025-02-16,2025-02-26,SUP025,PRD003,WH003,BUY10,?577.51,?576.58,COD,Closed
POL000145,PO202500051,2025-02-08,2025-02-20,SUP024,PRD085,WH004,BUY13,?674.54,?677.60,Net 30,Closed
POL000146,PO202500051,2025-02-08,2025-02-22,SUP024,PRD093,WH004,BUY13,"?4,118.08","?4,208.21",Net 60,Closed
POL000147,PO202500052,2025-02-13,2025-02-18,SUP048,PRD094,WH007,BUY05,"?2,650.76","?2,652.35",Net 30,Closed
POL000148,PO202500052,2025-02-13,2025-02-19,SUP048,PRD086,WH007,BUY05,?32.64,?32.94,Net 30,Closed
POL000149,PO202500053,2025-02-03,2025-02-11,SUP005,PRD053,WH006,BUY14,"?2,698.75","?2,743.07",COD,CANCELLED
POL000150,PO202500053,2025-02-03,2025-02-13,SUP005,PRD052,WH006,BUY14,"?1,691.09","?1,676.90",Advance,Closed
POL000151,PO202500053,2025-02-03,2025-02-11,SUP005,PRD049,WH006,BUY14,"?1,361.15","?1,393.99",Net 45,Closed
POL000152,PO202500054,2025-02-14,2025-02-22,SUP047,PRD075,WH001,BUY13,"?7,105.94","?7,218.44",Advance,Closed
POL000153,PO202500054,2025-02-14,2025-02-26,SUP047,PRD076,WH001,BUY13,"?6,931.32","?7,603.50",Net 45,Closed
POL000154,PO202500055,2025-02-08,2025-02-19,SUP003,PRD035,WH006,BUY13,"?10,135.91","?10,112.27",Net 60,Closed
POL000155,PO202500055,2025-02-08,2025-02-17,SUP003,PRD029,WH006,BUY13,"?2,391.85","?2,375.68",Net 45,Closed
POL000156,PO202500055,2025-02-08,2025-02-20,SUP003,PRD036,WH006,BUY13,?628.93,?628.99,Net 30,Closed
POL000157,PO202500056,2025-02-16,2025-02-28,SUP036,PRD044,WH003,BUY07,?798.54,?800.43,Net 45,Closed
POL000158,PO202500056,2025-02-16,2025-03-01,SUP036,PRD041,WH003,BUY07,?980.78,"?1,026.93",Net 60,Closed
POL000159,PO202500056,2025-02-16,2025-02-26,SUP036,PRD039,WH003,BUY07,"?2,062.05","?2,095.79",Net 30,Closed
POL000160,PO202500057,2025-02-20,2025-02-26,SUP045,PRD056,WH009,BUY11,"?1,524.13","?1,543.78",Net 60,Closed
POL000161,PO202500057,2025-02-20,2025-02-26,SUP045,PRD050,WH009,BUY11,"?1,438.08","?1,606.01",Advance,Closed
POL000162,PO202500057,2025-02-20,2025-02-26,SUP045,PRD054,WH009,BUY11,?252.91,?255.56,Advance,Closed
POL000163,PO202500058,2025-02-20,2025-03-06,SUP001,PRD006,WH005,BUY04,?511.16,?513.36,Net 60,Closed
POL000164,PO202500058,2025-02-20,2025-02-27,SUP001,PRD002,WH005,BUY04,?357.65,?362.76,Net 30,Closed
POL000165,PO202500058,2025-02-20,2025-02-26,SUP001,PRD011,WH005,BUY04,?694.99,?690.58,Advance,Closed
POL000166,PO202500059,2025-02-16,2025-02-24,SUP027,PRD031,WH008,BUY13,"?7,024.03","?7,537.43",COD,Closed
POL000167,PO202500059,2025-02-16,2025-02-27,SUP027,PRD026,WH008,BUY13,"?7,363.58","?7,513.08",Advance,Closed
POL000168,PO202500060,2025-02-21,2025-03-06,SUP027,PRD025,WH003,BUY04,"?8,781.92","8,751.00",Net 45,Closed
POL000169,PO202500060,2025-02-21,2025-03-06,SUP027,PRD031,WH003,BUY04,"?6,982.49","?7,082.89",Net 45,Closed
POL000170,PO202500061,2025-02-16,2025-02-22,SUP029,PRD049,WH004,BUY05,"?1,360.20","?1,296.99",Net 60,Closed
POL000171,PO202500061,2025-02-16,2025-02-23,SUP029,PRD054,WH004,BUY05,?229.52,?228.92,Advance,Closed
POL000172,PO202500062,2025-02-22,2025-02-27,SUP019,PRD032,WH010,BUY02,"?8,594.46","?8,714.36",COD,Closed
POL000173,PO202500062,2025-02-22,2025-03-03,SUP019,PRD035,WH010,BUY02,"?11,281.15","?11,347.33",Advance,Closed
POL000174,PO202500063,2025-02-18,2025-02-23,SUP020,PRD041,WH008,BUY09,"?1,003.93",?998.31,Net 30,Closed
POL000175,PO202500063,2025-02-18,2025-03-01,SUP020,PRD047,WH008,BUY09,"?1,885.03","?1,859.27",COD,Closed
POL000176,PO202500063,2025-02-18,2025-02-28,SUP020,PRD040,WH008,BUY09,?980.24,?994.58,Net 30,Closed
POL000177,PO202500064,2025-02-23,2025-03-03,SUP043,PRD032,WH005,BUY04,"?9,002.35","?9,142.40",Advance,Closed
POL000178,PO202500064,2025-02-23,2025-03-06,SUP043,PRD028,WH005,BUY04,?579.95,?591.34,Net 45,Closed
POL000179,PO202500064,2025-02-23,2025-02-27,SUP043,PRD034,WH005,BUY04,"?5,676.14","?6,069.66",Net 30,Closed
POL000180,PO202500065,2025-02-04,2025-02-14,SUP021,PRD054,WH008,BUY10,?246.46,?247.67,COD,Closed
POL000181,PO202500065,2025-02-04,2025-02-15,SUP021,PRD057,WH008,BUY10,"?10,503.23","?10,663.79",Net 60,Closed
POL000182,PO202500066,2025-02-12,2025-02-20,SUP010,PRD019,WH008,BUY04,"?6,920.12","?7,093.20",Net 30,Closed
POL000183,PO202500066,2025-02-12,2025-02-26,SUP010,PRD023,WH008,BUY04,"?1,502.63","?1,406.01",COD,Closed
POL000184,PO202500067,2025-02-25,2025-03-09,SUP040,PRD086,WH007,BUY02,?32.64,?32.58,Net 60,Closed
POL000185,PO202500067,2025-02-25,2025-03-06,SUP040,PRD088,WH007,BUY02,"?1,177.19","?1,204.73",COD,Closed
POL000186,PO202500067,2025-02-25,2025-03-11,SUP040,PRD085,WH007,BUY02,?695.58,?693.95,Net 45,Closed
POL000187,PO202500067,2025-02-25,2025-03-10,SUP040,PRD094,WH007,BUY02,"?2,533.39","?2,551.84",net 45,Closed
POL000188,PO202500068,2025-02-10,2025-02-16,SUP017,PRD002,WH005,BUY02,?333.63,?337.54,Net 60,Closed
POL000189,PO202500068,2025-02-10,2025-02-19,SUP017,PRD003,WH005,BUY02,?519.91,?551.07,Advance,Closed
POL000190,PO202500069,2025-02-12,2025-02-26,SUP008,PRD094,WH008,BUY06,"?2,538.82","?2,569.71",Net 45,Closed
POL000191,PO202500069,2025-02-12,2025-02-23,SUP008,PRD085,WH008,BUY06,?722.05,?729.02,Net 60,Closed
POL000192,PO202500069,2025-02-12,2025-02-26,SUP008,PRD086,WH008,BUY06,?32.22,?32.56,Advance,Closed
POL000193,PO202500070,2025-02-24,2025-03-02,SUP001,PRD005,WH007,BUY15,?127.24,?128.63,Net 30,Closed
POL000194,PO202500070,2025-02-24,2025-03-02,SUP001,PRD002,WH007,BUY15,?357.11,?354.07,Net 45,Closed
POL000195,PO202500071,2025-02-04,2025-02-13,SUP026,PRD024,WH005,BUY02,"?3,628.17","?3,649.77",Net 45,Closed
POL000196,PO202500071,2025-02-04,2025-02-16,SUP026,PRD022,WH005,BUY02,"?4,130.24","?4,583.58",Net 45,Closed
POL000197,PO202500071,2025-02-04,2025-02-13,SUP026,PRD017,WH005,BUY02,"?3,303.53","?3,270.78",Net 30,Closed
POL000198,PO202500072,2025-02-08,2025-02-14,SUP042,PRD020,WH006,BUY07,"?2,028.84","?2,085.21",Net 30,Closed
POL000199,PO202500072,2025-02-08,2025-02-22,SUP042,PRD022,WH006,BUY07,"?4,252.16","?4,274.84",Advance,Closed
POL000200,PO202500072,2025-02-08,2025-02-21,SUP042,PRD016,WH006,BUY07,"?5,756.72","?6,164.14",Net 60,Closed
POL000201,PO202500072,2025-02-08,2025-02-21,SUP042,PRD019,WH006,BUY07,"?6,823.19","?6,800.63",Net 60,Closed
POL000202,PO202500073,2025-02-07,2025-02-18,SUP005,PRD054,WH009,BUY05,?236.46,?235.44,Net 45,Closed
POL000203,PO202500073,2025-02-07,2025-02-13,SUP005,PRD058,WH009,BUY05,"?6,564.29","?7,299.65",Net 45,Closed
POL000204,PO202500074,2025-02-04,2025-02-14,SUP043,PRD030,WH010,BUY10,"?5,039.44","?4,968.64",Net 60,Closed
POL000205,PO202500074,2025-02-04,2025-02-11,SUP043,PRD034,WH010,BUY10,"?5,402.11","?5,629.02",Net 30,Closed
POL000206,PO202500074,2025-02-04,2025-02-11,SUP043,PRD036,WH010,BUY10,?591.36,?660.73,Net 45,Closed
POL000207,PO202500074,2025-02-04,2025-02-09,SUP043,PRD031,WH010,BUY10,"?7,173.53","?7,323.14",Net 60,Closed
POL000208,PO202500075,2025-02-20,2025-03-02,SUP034,PRD015,WH005,BUY05,"?6,376.63","?6,404.32",Net 45,Closed
POL000209,PO202500075,2025-02-20,2025-02-27,SUP034,PRD017,WH005,BUY05,"?3,555.68","?3,620.71",Net 30,Closed
POL000210,PO202500075,2025-02-20,2025-02-27,SUP034,PRD024,WH005,BUY05,"?3,676.21","?3,687.30",COD,Closed
POL000211,PO202500076,2025-02-20,2025-02-27,SUP036,PRD040,WH001,BUY07,"?1,036.87","?1,027.30",Advance,Closed
POL000212,PO202500076,2025-02-20,2025-02-27,SUP036,PRD045,WH001,BUY07,?410.23,?416.14,Advance,Closed
POL000213,PO202500077,2025-02-03,2025-02-12,SUP043,PRD032,WH001,BUY04,"?8,835.05","?8,757.47",Net 60,Closed
POL000214,PO202500077,2025-02-03,2025-02-09,SUP043,PRD035,WH001,BUY04,"?10,404.39","?10,617.42",Advance,Closed
POL000215,PO202500077,2025-02-03,2025-02-08,SUP043,PRD031,WH001,BUY04,"?7,500.43","?7,721.27",Net 30,Closed
POL000216,PO202500077,2025-02-03,2025-02-07,SUP043,PRD029,WH001,BUY04,"?2,328.47","?2,332.61",Net 60,Closed
POL000217,PO202500078,2025-02-13,2025-02-26,SUP036,PRD039,WH007,BUY09,"?1,998.76","?1,977.43",Advance,Closed
POL000218,PO202500078,2025-02-13,2025-02-25,SUP036,PRD037,WH007,BUY09,"?2,785.59","?2,793.63",Net 45,Closed
POL000219,PO202500079,2025-02-11,2025-02-18,SUP008,PRD089,WH007,BUY11,"?1,932.05","?1,915.77",Advance,Closed
POL000220,PO202500079,2025-02-11,2025-02-25,SUP008,PRD096,WH007,BUY11,?894.39,?972.07,COD,Closed
POL000221,PO202500079,2025-02-11,2025-02-19,SUP008,PRD091,WH007,BUY11,"?1,544.50","?1,525.35",Net 30,Closed
POL000222,PO202500079,2025-02-11,2025-02-23,SUP008,PRD092,WH007,BUY11,?157.99,?158.37,Net 60,Closed
POL000223,PO202500080,2025-02-01,2025-02-10,SUP031,PRD080,WH009,BUY08,"?9,483.93","?9,627.70",Advance,Closed
POL000224,PO202500080,2025-02-01,2025-02-08,SUP031,PRD082,WH009,BUY08,?769.80,?840.90,Net 30,Closed
POL000225,PO202500080,2025-02-01,2025-02-15,SUP031,PRD074,WH009,BUY08,"?11,016.56","?11,298.04",Advance,Closed
POL000226,PO202500080,2025-02-01,2025-02-11,SUP031,PRD079,WH009,BUY08,"?10,388.55","?10,636.13",Net 30,Closed
POL000227,PO202500081,2025-03-25,2025-04-04,SUP008,PRD087,WH010,BUY04,"?2,558.03","?2,576.03",Net 60,Closed
POL000228,PO202500081,2025-03-25,2025-04-07,SUP008,PRD086,WH010,BUY04,?31.65,?31.55,Advance,Closed
POL000229,PO202500081,2025-03-25,2025-04-04,SUP008,PRD090,WH010,BUY04,"?2,361.63","?2,425.13",Net 30,Closed
POL000230,PO202500081,2025-03-25,2025-04-05,SUP008,PRD095,WH010,BUY04,"?4,489.45","?4,572.68",COD,Closed
POL000231,PO202500082,2025-03-09,2025-03-16,SUP009,PRD002,WH007,BUY12,?356.73,?355.08,Advance,Closed
POL000232,PO202500082,2025-03-09,2025-03-21,SUP009,PRD009,WH007,BUY12,?97.83,?99.78,Net 30,Closed
POL000233,PO202500082,2025-03-09,2025-03-17,SUP009,PRD012,WH007,BUY12,?780.20,?778.82,Net 30,Closed
POL000234,PO202500082,2025-03-09,2025-03-22,SUP009,PRD010,WH007,BUY12,?755.05,?765.70,COD,Closed
POL000235,PO202500083,2025-03-19,2025-03-28,SUP045,PRD055,WH009,BUY07,"?9,886.46","?9,941.64",COD,Closed
POL000236,PO202500083,2025-03-19,2025-03-31,SUP045,PRD060,WH009,BUY07,"?8,943.23","?8,942.64",COD,Closed
POL000237,PO202500084,2025-03-09,2025-03-20,SUP043,PRD026,WH003,BUY02,"?8,163.94","?8,628.46",Net 45,Closed
POL000238,PO202500084,2025-03-09,2025-03-13,SUP043,PRD030,WH003,BUY02,"?4,903.08","?4,967.87",Net 45,Closed
POL000239,PO202500084,2025-03-09,2025-03-15,SUP043,PRD032,WH003,BUY02,"?8,657.77","?8,611.59",COD,Closed
POL000240,PO202500085,2025-03-23,2025-03-31,SUP046,PRD068,WH010,BUY14,"?5,925.09","?6,213.93",Net 45,Closed
POL000241,PO202500085,2025-03-23,2025-03-31,SUP046,PRD066,WH010,BUY14,?921.18,?931.88,COD,Closed
POL000242,PO202500086,2025-03-22,2025-04-02,SUP019,PRD027,WH004,BUY04,"?14,732.62","?14,900.28",Net 45,Closed
POL000243,PO202500086,2025-03-22,2025-04-03,SUP019,PRD034,WH004,BUY04,"?5,780.88","?5,902.00",Advance,Closed
POL000244,PO202500086,2025-03-22,2025-04-01,SUP019,PRD035,WH004,BUY04,"?10,642.62","?10,724.04",Net 45,Closed
POL000245,PO202500086,2025-03-22,2025-03-26,SUP019,PRD029,WH004,BUY04,"?2,308.80","?2,294.53",COD,Closed
POL000246,PO202500087,2025-03-09,2025-03-22,SUP010,PRD021,WH008,BUY14,?583.22,?592.02,Net 60,Closed
POL000247,PO202500087,2025-03-09,2025-03-23,SUP010,PRD019,WH008,BUY14,"?6,739.03","?6,900.52",COD,Closed
POL000248,PO202500087,2025-03-09,2025-03-16,SUP010,PRD024,WH008,BUY14,"?3,975.96","?3,927.20",Net 60,Closed
POL000249,PO202500088,2025-03-07,2025-03-17,SUP011,PRD026,WH007,BUY03,"?7,370.96","?7,505.62",Advance,Closed
POL000250,PO202500088,2025-03-07,2025-03-12,SUP011,PRD029,WH007,BUY03,"?2,311.24","?2,305.04",Net 60,Closed
POL000251,PO202500088,2025-03-07,2025-03-18,SUP011,PRD031,WH007,BUY03,"?6,886.57","?6,865.46",Net 60,Closed
POL000252,PO202500089,2025-03-22,2025-03-28,SUP023,PRD076,WH009,BUY07,"?6,292.38","?6,203.65",Net 45,Closed
POL000253,PO202500089,2025-03-22,2025-04-03,SUP023,PRD074,WH009,BUY07,"?10,297.42","?10,373.12",Advance,Closed
POL000254,PO202500090,2025-03-09,2025-03-22,SUP003,PRD033,WH010,BUY04,"?2,663.16","?2,652.73",Net 30,Closed
POL000255,PO202500090,2025-03-09,2025-03-17,SUP003,PRD027,WH010,BUY04,"?15,137.35","?15,909.41",Net 45,Closed
POL000256,PO202500090,2025-03-09,2025-03-18,SUP003,PRD029,WH010,BUY04,"?2,402.32","?2,464.83",NET 60,Closed
POL000257,PO202500090,2025-03-09,2025-03-21,SUP003,PRD025,WH010,BUY04,"?9,434.84","?9,615.13",Net 45,Closed
POL000258,PO202500091,2025-03-07,2025-03-17,SUP041,PRD011,WH009,BUY05,?713.32,?743.30,Net 60,Closed
POL000259,PO202500091,2025-03-07,2025-03-15,SUP041,PRD005,WH009,BUY05,?120.09,?118.45,COD,Closed
POL000260,PO202500091,2025-03-07,2025-03-14,SUP041,PRD007,WH009,BUY05,?295.35,?298.86,COD,Closed
POL000261,PO202500092,2025-03-05,2025-03-16,SUP002,PRD017,WH010,BUY14,"?3,559.14","?3,863.39",Net 60,Closed
POL000262,PO202500092,2025-03-05,2025-03-13,SUP002,PRD013,WH010,BUY14,"?3,308.37","?3,270.65",Net 30,Closed
POL000263,PO202500092,2025-03-05,2025-03-16,SUP002,PRD023,WH010,BUY14,"?1,499.45","?1,517.20",Net 60,Closed
POL000264,PO202500092,2025-03-05,2025-03-17,SUP002,PRD021,WH010,BUY14,?607.23,?611.47,Net 45,Closed
POL000265,PO202500093,2025-03-14,2025-03-21,SUP003,PRD030,WH009,BUY01,"?5,260.06","?5,250.78",Net 45,Closed
POL000266,PO202500093,2025-03-14,2025-03-26,SUP003,PRD029,WH009,BUY01,"?2,373.55","?2,342.94",Net 60,Closed
POL000267,PO202500093,2025-03-14,2025-03-26,SUP003,PRD033,WH009,BUY01,"?2,646.49","?2,685.18",Advance,Closed
POL000268,PO202500094,2025-03-22,2025-04-03,SUP042,PRD021,WH009,BUY08,?618.93,?615.40,Net 60,Closed
POL000269,PO202500094,2025-03-22,2025-04-03,SUP042,PRD020,WH009,BUY08,"?2,077.47","?2,074.16",Advance,Closed
POL000270,PO202500094,2025-03-22,2025-04-02,SUP042,PRD016,WH009,BUY08,"?6,169.39","?6,160.27",Net 30,Closed
POL000271,PO202500095,2025-03-14,2025-03-21,SUP016,PRD085,WH006,BUY09,?669.53,?618.17,Advance,Closed
POL000272,PO202500095,2025-03-14,2025-03-28,SUP016,PRD086,WH006,BUY09,?31.97,?32.47,Advance,Closed
POL000273,PO202500095,2025-03-14,2025-03-27,SUP016,PRD089,WH006,BUY09,"?1,771.77","?1,812.07",Net 45,Closed
POL000274,PO202500095,2025-03-14,2025-03-26,SUP016,PRD087,WH006,BUY09,"?2,646.33","?2,912.35",COD,Closed
POL000275,PO202500096,2025-03-04,2025-03-14,SUP015,PRD075,WH001,BUY07,"?7,170.48","?7,382.22",Advance,Closed
POL000276,PO202500096,2025-03-04,2025-03-17,SUP015,PRD080,WH001,BUY07,"?9,531.25","?9,560.26",Net 30,Closed
POL000277,PO202500096,2025-03-04,2025-03-18,SUP015,PRD078,WH001,BUY07,"?6,903.59","?6,953.36",COD,Closed
POL000278,PO202500097,2025-03-25,2025-03-30,SUP048,PRD095,WH002,BUY10,"?4,302.18","?4,428.16",COD,Closed
POL000279,PO202500097,2025-03-25,2025-04-03,SUP048,PRD088,WH002,BUY10,"?1,153.03","?1,174.04",COD,Closed
POL000280,PO202500098,2025-03-08,2025-03-20,SUP044,PRD044,WH008,BUY06,?791.54,?799.26,Net 60,Closed
POL000281,PO202500098,2025-03-08,2025-03-14,SUP044,PRD038,WH008,BUY06,"?2,719.57","?2,721.60",Net 60,Closed
POL000282,PO202500098,2025-03-08,2025-03-16,SUP044,PRD037,WH008,BUY06,"?2,864.40","?2,876.42",Net 45,Closed
POL000283,PO202500099,2025-03-17,2025-03-23,SUP013,PRD056,WH005,BUY10,"?1,546.53","?1,579.89",,Closed
POL000284,PO202500099,2025-03-17,2025-03-29,SUP013,PRD053,WH005,BUY10,"?2,640.43","?2,660.20",Net 30,Closed
POL000285,PO202500099,2025-03-17,2025-03-25,SUP013,PRD051,WH005,BUY10,"?8,546.76","?8,471.26",Net 30,Closed
POL000286,PO202500099,2025-03-17,2025-03-30,SUP013,PRD055,WH005,BUY10,"?9,524.69","?9,441.67",Advance,Closed
POL000287,PO202500100,2025-03-14,2025-03-20,SUP038,PRD069,WH006,BUY15,"?8,082.74","?8,110.08",Net 30,Cancelled
POL000288,PO202500100,2025-03-14,2025-03-22,SUP038,PRD062,WH006,BUY15,"?5,933.63","?5,850.52",Advance,Closed
POL000289,PO202500100,2025-03-14,2025-03-28,SUP038,PRD067,WH006,BUY15,"?8,124.99","?8,330.38",COD,Closed
POL000290,PO202500101,2025-03-24,2025-04-02,SUP004,PRD048,WH003,BUY10,"?1,516.94","?1,541.55",Net 60,Closed
POL000291,PO202500101,2025-03-24,2025-04-03,SUP004,PRD038,WH003,BUY10,"?2,909.16","?2,750.01",Net 30,CLOSED
POL000292,PO202500102,2025-03-12,2025-03-19,SUP032,PRD085,WH010,BUY10,?712.97,?721.46,Advance,Closed
POL000293,PO202500102,2025-03-12,2025-03-23,SUP032,PRD087,WH010,BUY10,"?2,377.74","?2,444.76",Advance,Closed
POL000294,PO202500103,2025-03-10,2025-03-18,SUP011,PRD026,WH005,BUY13,"?7,605.07","?7,774.32",Net 45,Closed
POL000295,PO202500103,2025-03-10,2025-03-15,SUP011,PRD030,WH005,BUY13,"?5,060.05","?5,203.37",Net 45,Closed
POL000296,PO202500103,2025-03-10,2025-03-14,SUP011,PRD027,WH005,BUY13,"?15,816.78","?16,024.61",Net 30,Closed
POL000297,PO202500104,2025-03-08,2025-03-18,SUP014,PRD066,WH005,BUY05,?960.90,?947.05,Net 60,Closed
POL000298,PO202500104,2025-03-08,2025-03-13,SUP014,PRD069,WH005,BUY05,"?7,677.71","?7,729.96",Net 30,Closed
POL000299,PO202500104,2025-03-08,2025-03-13,SUP014,PRD062,WH005,BUY05,"?6,213.78","?6,280.74",Net 45,Closed
POL000300,PO202500104,2025-03-08,2025-03-16,SUP014,PRD068,WH005,BUY05,"?5,710.88","?5,670.63",Advance,Closed
POL000301,PO202500105,2025-03-02,2025-03-13,SUP006,PRD072,WH008,BUY06,"?8,654.00","?8,850.17",Net 45,Closed
POL000302,PO202500105,2025-03-02,2025-03-10,SUP006,PRD068,WH008,BUY06,"?5,937.19","?5,969.91",COD,Closed
POL000303,PO202500105,2025-03-02,2025-03-11,SUP006,PRD064,WH008,BUY06,"?2,347.63","?2,336.28",Net 60,Closed
POL000304,PO202500106,2025-03-11,2025-03-19,SUP028,PRD039,WH006,BUY04,"?2,023.26","?2,168.05",NET 60,Closed
POL000305,PO202500106,2025-03-11,2025-03-22,SUP028,PRD047,WH006,BUY04,"?1,773.45","?1,774.75",Net 30,Closed
POL000306,PO202500106,2025-03-11,2025-03-19,SUP028,PRD044,WH006,BUY04,?768.40,?785.02,COD,Closed
POL000307,PO202500107,2025-03-21,2025-04-04,SUP007,PRD080,WH001,BUY04,"?8,938.80","?9,161.52",Net 60,Closed
POL000308,PO202500107,2025-03-21,2025-03-29,SUP007,PRD074,WH001,BUY04,"?10,769.43","?11,083.94",Net 45,closed
POL000309,PO202500108,2025-03-14,2025-03-24,SUP033,PRD011,WH004,BUY05,?738.68,?758.31,Net 60,Closed
POL000310,PO202500108,2025-03-14,2025-03-22,SUP033,PRD010,WH004,BUY05,?726.91,?731.90,Net 60,Closed
POL000311,PO202500108,2025-03-14,2025-03-21,SUP033,PRD001,WH004,BUY05,?564.96,?579.52,Net 45,Closed
POL000312,PO202500109,2025-03-11,2025-03-23,SUP024,PRD086,WH006,BUY14,?29.72,?30.38,Net 60,Closed
POL000313,PO202500109,2025-03-11,2025-03-20,SUP024,PRD092,WH006,BUY14,?150.55,?148.76,COD,Closed
POL000314,PO202500109,2025-03-11,2025-03-18,SUP024,PRD087,WH006,BUY14,"?2,514.82","?2,538.80",Net 45,Closed
POL000315,PO202500109,2025-03-11,2025-03-18,SUP024,PRD094,WH006,BUY14,"?2,403.45","?2,459.01",Net 60,Closed
POL000316,PO202500110,2025-03-19,2025-03-28,SUP042,PRD015,WH002,BUY06,"?5,983.44","?5,921.29",COD,Closed
POL000317,PO202500110,2025-03-19,2025-03-27,SUP042,PRD013,WH002,BUY06,"?3,363.66","?3,326.21",Net 60,Closed
POL000318,PO202500110,2025-03-19,2025-04-01,SUP042,PRD019,WH002,BUY06,"?7,089.68","?6,998.19",Net 30,Closed
POL000319,PO202500110,2025-03-19,2025-04-02,SUP042,PRD016,WH002,BUY06,"?6,220.22","?6,169.62",COD,Closed
POL000320,PO202500111,2025-03-03,2025-03-09,SUP025,PRD006,WH006,BUY09,?479.55,?489.03,Net 60,Closed
POL000321,PO202500111,2025-03-03,2025-03-10,SUP025,PRD007,WH006,BUY09,?293.39,?292.83,Net 45,Closed
POL000322,PO202500111,2025-03-03,2025-03-10,SUP025,PRD001,WH006,BUY09,?576.03,?629.07,COD,Closed
POL000323,PO202500111,2025-03-03,2025-03-15,SUP025,PRD005,WH006,BUY09,?125.91,?125.07,Net 45,Closed
POL000324,PO202500112,2025-03-24,2025-03-31,SUP041,PRD007,WH003,BUY15,?309.19,?291.37,Net 30,Closed
POL000325,PO202500112,2025-03-24,2025-04-01,SUP041,PRD005,WH003,BUY15,?117.30,?129.48,Net 60,Closed
POL000326,PO202500112,2025-03-24,2025-04-05,SUP041,PRD008,WH003,BUY15,?845.04,?910.96,Net 45,Closed
POL000327,PO202500113,2025-03-09,2025-03-17,SUP011,PRD034,WH009,BUY10,"?5,594.57","?5,604.10",COD,Closed
POL000328,PO202500113,2025-03-09,2025-03-20,SUP011,PRD025,WH009,BUY10,"?8,859.87","?8,782.57",Net 60,Closed
POL000329,PO202500114,2025-03-16,2025-03-25,SUP012,PRD039,WH008,BUY05,"?2,146.19","?2,184.21",Net 30,Closed
POL000330,PO202500114,2025-03-16,2025-03-29,SUP012,PRD042,WH008,BUY05,?461.79,?474.73,Net 60,Closed
POL000331,PO202500114,2025-03-16,2025-03-26,SUP012,PRD047,WH008,BUY05,"?1,757.48","?1,737.61",COD,Closed
POL000332,PO202500115,2025-03-19,2025-03-25,SUP034,PRD020,WH010,BUY07,"?2,077.72","?1,952.92",Net 45,Closed
POL000333,PO202500115,2025-03-19,2025-03-26,SUP034,PRD021,WH010,BUY07,?611.81,?627.86,Net 45,Closed
POL000334,PO202500115,2025-03-19,2025-03-26,SUP034,PRD018,WH010,BUY07,"?4,990.84","?5,112.15",Advance,Closed
POL000335,PO202500115,2025-03-19,2025-03-27,SUP034,PRD015,WH010,BUY07,"?6,435.05","?6,355.64",Net 60,Closed
POL000336,PO202500116,2025-03-20,2025-03-26,SUP012,PRD038,WH004,BUY01,"?2,820.27","?3,136.85",Net 30,Closed
POL000337,PO202500116,2025-03-20,2025-04-01,SUP012,PRD040,WH004,BUY01,"?1,023.54","?1,028.97",Net 60,Closed
POL000338,PO202500116,2025-03-20,2025-04-01,SUP012,PRD044,WH004,BUY01,?733.62,?676.50,Net 45,Closed
POL000339,PO202500117,2025-03-18,2025-04-01,SUP024,PRD091,WH008,BUY03,"?1,554.25","?1,629.78",Advance,Closed
POL000340,PO202500117,2025-03-18,2025-03-25,SUP024,PRD094,WH008,BUY03,"?2,384.52","?2,668.08",COD,Closed
POL000341,PO202500117,2025-03-18,2025-03-29,SUP024,PRD090,WH008,BUY03,"?2,159.38","?2,200.33",COD,Closed
POL000342,PO202500118,2025-03-19,2025-03-29,SUP022,PRD068,WH006,BUY08,"?5,286.35","?5,336.42",COD,Closed
POL000343,PO202500118,2025-03-19,2025-03-31,SUP022,PRD063,WH006,BUY08,"?5,936.86","?5,997.51",Net 30,Closed
POL000344,PO202500119,2025-03-08,2025-03-16,SUP017,PRD009,WH005,BUY08,?93.66,?100.79,Net 30,Closed
POL000345,PO202500119,2025-03-08,2025-03-19,SUP017,PRD010,WH005,BUY08,?710.34,?706.54,Net 60,Closed
POL000346,PO202500120,2025-03-05,2025-03-15,SUP029,PRD049,WH009,BUY05,"?1,282.71","?1,385.26",Net 60,Closed
POL000347,PO202500120,2025-03-05,2025-03-16,SUP029,PRD053,WH009,BUY05,"?2,690.83","?2,707.45",COD,Closed
POL000348,PO202500120,2025-03-05,2025-03-19,SUP029,PRD059,WH009,BUY05,"?5,242.58","?5,236.23",Net 45,Closed
POL000349,PO202500121,2025-04-12,2025-04-20,SUP038,PRD062,WH001,BUY10,"?6,584.40","?6,762.08",Net 45,Closed
POL000350,PO202500121,2025-04-12,2025-04-19,SUP038,PRD063,WH001,BUY10,"?6,152.71","?6,119.85",Net 60,Closed
POL000351,PO202500121,2025-04-12,2025-04-21,SUP038,PRD065,WH001,BUY10,"?6,768.77","?6,775.73",Net 30,Cancelled
POL000352,PO202500122,2025-04-21,2025-05-03,SUP004,PRD046,WH006,BUY01,?432.15,?439.09,COD,Closed
POL000353,PO202500122,2025-04-21,2025-04-30,SUP004,PRD038,WH006,BUY01,"?2,922.04","?2,952.79",Net 45,Closed
POL000354,PO202500123,2025-04-20,2025-05-03,SUP001,PRD011,WH006,BUY15,?739.80,?751.04,Net 30,Closed
POL000355,PO202500123,2025-04-20,2025-05-03,SUP001,PRD005,WH006,BUY15,?126.31,?135.53,Net 45,Closed
POL000356,PO202500123,2025-04-20,2025-05-01,SUP001,PRD002,WH006,BUY15,?336.06,?338.75,Net 30,Closed
POL000357,PO202500124,2025-04-23,2025-04-30,SUP027,PRD032,WH006,BUY10,"?9,406.35","?9,677.68",Advance,Closed
POL000358,PO202500124,2025-04-23,2025-05-01,SUP027,PRD025,WH006,BUY10,"?8,936.05","?9,144.20",Net 45,Closed
POL000359,PO202500124,2025-04-23,2025-05-03,SUP027,PRD031,WH006,BUY10,"?6,821.95","?6,980.12",Net 45,Closed
POL000360,PO202500124,2025-04-23,2025-05-02,SUP027,PRD034,WH006,BUY10,"?5,251.12","?5,369.40",Net 45,Closed
POL000361,PO202500125,2025-04-24,2025-05-03,SUP015,PRD075,WH002,BUY08,"?7,321.49","?7,524.11",Net 45,Closed
POL000362,PO202500125,2025-04-24,2025-05-06,SUP015,PRD078,WH002,BUY08,"?6,916.10","?6,910.18",Net 30,Closed
POL000363,PO202500126,2025-04-15,2025-04-21,SUP040,PRD088,WH002,BUY09,"?1,190.76","?1,276.26",COD,Closed
POL000364,PO202500126,2025-04-15,2025-04-21,SUP040,PRD092,WH002,BUY09,?167.35,?157.30,Net 60,Closed
POL000365,PO202500126,2025-04-15,2025-04-27,SUP040,PRD089,WH002,BUY09,"?1,961.27","?1,972.02",Net 30,Closed
POL000366,PO202500127,2025-04-02,2025-04-09,SUP003,PRD035,WH009,BUY15,"?10,299.69","?10,364.75",Net 30,Closed
POL000367,PO202500127,2025-04-02,2025-04-15,SUP003,PRD034,WH009,BUY15,"?5,672.92","?5,674.21",Net 45,Closed
POL000368,PO202500127,2025-04-02,2025-04-11,SUP003,PRD028,WH009,BUY15,?598.53,?604.59,Net 45,Closed
POL000369,PO202500127,2025-04-02,2025-04-14,SUP003,PRD032,WH009,BUY15,"?9,175.50","?9,205.50",Advance,Closed
POL000370,PO202500128,2025-04-12,2025-04-18,SUP021,PRD051,WH003,BUY10,"?8,673.87","?8,646.66",Net 45,Closed
POL000371,PO202500128,2025-04-12,2025-04-26,SUP021,PRD055,WH003,BUY10,"?9,752.21","?9,668.94",Net 30,Closed
POL000372,PO202500128,2025-04-12,2025-04-26,SUP021,PRD059,WH003,BUY10,"?5,069.38","?5,219.02",COD,Closed
POL000373,PO202500128,2025-04-12,2025-04-26,SUP021,PRD052,WH003,BUY10,"?1,790.80","?1,787.85",Net 60,Closed
POL000374,PO202500129,2025-04-03,2025-04-11,SUP006,PRD066,WH008,BUY15,?924.30,?919.33,Advance,Closed
POL000375,PO202500129,2025-04-03,2025-04-08,SUP006,PRD072,WH008,BUY15,"?8,080.90","?8,013.61",COD,Closed
POL000376,PO202500129,2025-04-03,2025-04-15,SUP006,PRD063,WH008,BUY15,"?5,846.40","?6,016.75",Net 60,Closed
POL000377,PO202500130,2025-04-25,2025-05-06,SUP044,PRD041,WH005,BUY03,?971.70,?971.99,Net 60,Closed
POL000378,PO202500130,2025-04-25,2025-05-07,SUP044,PRD037,WH005,BUY03,"?2,783.79","?2,643.03",Net 30,Closed
POL000379,PO202500130,2025-04-25,2025-05-05,SUP044,PRD047,WH005,BUY03,"?1,875.15","?1,898.03",Net 45,Closed
POL000380,PO202500131,2025-04-24,2025-04-29,SUP020,PRD047,WH001,BUY05,"?1,785.05","?1,769.68",Net 60,Closed
POL000381,PO202500131,2025-04-24,2025-04-30,SUP020,PRD038,WH001,BUY05,"?2,810.10","?2,891.71",Advance,Closed
POL000382,PO202500132,2025-04-04,2025-04-10,SUP005,PRD058,WH001,BUY09,"?6,454.12","?6,375.43",Net 60,Closed
POL000383,PO202500132,2025-04-04,2025-04-16,SUP005,PRD051,WH001,BUY09,"?8,052.12","?8,258.46",COD,CLOSED
POL000384,PO202500132,2025-04-04,2025-04-11,SUP005,PRD050,WH001,BUY09,"?1,522.28","?1,504.88",Advance,Closed
POL000385,PO202500133,2025-04-06,2025-04-12,SUP038,PRD072,WH006,BUY09,"?7,877.48","?7,822.13",Advance,Closed
POL000386,PO202500133,2025-04-06,2025-04-16,SUP038,PRD067,WH006,BUY09,"?8,645.05","?8,786.09",Advance,Closed
POL000387,PO202500134,2025-04-15,2025-04-27,SUP023,PRD082,WH001,BUY03,?772.35,?769.27,advance,Closed
POL000388,PO202500134,2025-04-15,2025-04-20,SUP023,PRD075,WH001,BUY03,"?6,956.61","?7,088.66",COD,Closed
POL000389,PO202500135,2025-04-23,2025-05-04,SUP018,PRD014,WH003,BUY01,"?1,516.13","?1,500.95",Net 30,Closed
POL000390,PO202500135,2025-04-23,2025-05-01,SUP018,PRD023,WH003,BUY01,"?1,499.04","?1,627.44",Advance,Closed
POL000391,PO202500135,2025-04-23,2025-04-30,SUP018,PRD013,WH003,BUY01,"?3,302.09","?3,256.04",Net 45,Closed
POL000392,PO202500136,2025-04-09,2025-04-18,SUP025,PRD010,WH008,BUY15,?759.51,?757.81,Net 60,Closed
POL000393,PO202500136,2025-04-09,2025-04-20,SUP025,PRD002,WH008,BUY15,?359.38,?363.91,Net 30,Closed
POL000394,PO202500136,2025-04-09,2025-04-18,SUP025,PRD001,WH008,BUY15,?533.77,?538.83,Net 60,Closed
POL000395,PO202500137,2025-04-12,2025-04-20,SUP010,PRD024,WH010,BUY09,"?3,846.03","?3,883.40",COD,Closed
POL000396,PO202500137,2025-04-12,2025-04-24,SUP010,PRD013,WH010,BUY09,"?3,191.67","?3,208.73",Net 60,Closed
POL000397,PO202500138,2025-04-10,2025-04-20,SUP026,PRD019,WH008,BUY03,"?7,257.19","?7,428.52",Net 45,Closed
POL000398,PO202500138,2025-04-10,2025-04-22,SUP026,PRD021,WH008,BUY03,?642.32,?652.39,Net 60,Closed
POL000399,PO202500138,2025-04-10,2025-04-16,SUP026,PRD013,WH008,BUY03,"?3,461.10","?3,492.91",COD,Closed
POL000400,PO202500138,2025-04-10,2025-04-21,SUP026,PRD016,WH008,BUY03,"?5,780.82","?5,739.27",Net 45,Closed
POL000401,PO202500139,2025-04-24,2025-05-05,SUP042,PRD016,WH001,BUY15,"?5,820.99","?6,108.28",Net 60,Closed
POL000402,PO202500139,2025-04-24,2025-05-02,SUP042,PRD018,WH001,BUY15,"?4,551.49","?4,682.78",Net 45,Closed
POL000403,PO202500139,2025-04-24,2025-05-03,SUP042,PRD013,WH001,BUY15,"?3,443.99","?3,713.29",COD,Closed
POL000404,PO202500140,2025-04-08,2025-04-22,SUP035,PRD028,WH002,BUY07,?605.15,?613.72,COD,Closed
POL000405,PO202500140,2025-04-08,2025-04-18,SUP035,PRD025,WH002,BUY07,"?9,463.75","?9,478.05",Net 60,Closed
POL000406,PO202500140,2025-04-08,2025-04-20,SUP035,PRD026,WH002,BUY07,"?8,100.34","?8,077.35",Net 45,Closed
POL000407,PO202500140,2025-04-08,2025-04-21,SUP035,PRD033,WH002,BUY07,"?2,670.90","?2,667.30",COD,Closed
POL000408,PO202500141,2025-04-17,2025-04-21,SUP019,PRD036,WH010,BUY12,?623.10,?655.86,Net 30,Closed
POL000409,PO202500141,2025-04-17,2025-04-23,SUP019,PRD025,WH010,BUY12,"?9,247.39","?8,683.70",Advance,Closed
POL000410,PO202500142,2025-04-05,2025-04-19,SUP009,PRD007,WH002,BUY09,?288.12,?296.72,Net 60,Closed
POL000411,PO202500142,2025-04-05,2025-04-13,SUP009,PRD009,WH002,BUY09,?97.36,?98.58,Net 30,Closed
POL000412,PO202500142,2025-04-05,2025-04-11,SUP009,PRD006,WH002,BUY09,?508.74,?509.16,COD,Closed
POL000413,PO202500143,2025-04-09,2025-04-17,SUP013,PRD057,WH004,BUY15,"?10,889.90","?11,107.56",Net 60,Closed
POL000414,PO202500143,2025-04-09,2025-04-20,SUP013,PRD059,WH004,BUY15,"?4,978.80","?5,037.31",Advance,Closed
POL000415,PO202500144,2025-04-12,2025-04-19,SUP006,PRD068,WH004,BUY15,"?5,905.44","?6,015.34",Net 60,Closed
POL000416,PO202500144,2025-04-12,2025-04-21,SUP006,PRD069,WH004,BUY15,"?7,817.00","?7,881.54",Net 30,closed
POL000417,PO202500145,2025-04-07,2025-04-16,SUP004,PRD045,WH008,BUY14,?425.91,?427.57,Net 45,Closed
POL000418,PO202500145,2025-04-07,2025-04-15,SUP004,PRD041,WH008,BUY14,?896.29,?914.25,COD,Closed
POL000419,PO202500146,2025-04-13,2025-04-25,SUP043,PRD033,WH010,BUY03,"?2,673.40","?2,698.74",COD,Closed
POL000420,PO202500146,2025-04-13,2025-04-17,SUP043,PRD032,WH010,BUY03,"?9,395.55","?9,396.60",Net 45,Cancelled
POL000421,PO202500146,2025-04-13,2025-04-22,SUP043,PRD036,WH010,BUY03,?635.25,?592.02,COD,Closed
POL000422,PO202500147,2025-04-24,2025-05-01,SUP036,PRD043,WH002,BUY15,"?1,589.03","?1,570.42",Net 30,Closed
POL000423,PO202500147,2025-04-24,2025-05-04,SUP036,PRD041,WH002,BUY15,?975.85,"?1,081.72",Advance,Closed
POL000424,PO202500147,2025-04-24,2025-05-06,SUP036,PRD047,WH002,BUY15,"?1,920.28","?1,944.00",Net 30,Closed
POL000425,PO202500148,2025-04-25,2025-05-04,SUP042,PRD017,WH009,BUY08,"?3,570.42","?3,563.60",Net 30,Closed
POL000426,PO202500148,2025-04-25,2025-05-08,SUP042,PRD015,WH009,BUY08,"?6,133.86","?6,205.20",Net 45,Closed
POL000427,PO202500148,2025-04-25,2025-05-06,SUP042,PRD016,WH009,BUY08,"?6,050.27","?6,138.29",Net 60,Closed
POL000428,PO202500148,2025-04-25,2025-05-05,SUP042,PRD019,WH009,BUY08,"?6,976.18","?6,917.81",Net 30,Closed
POL000429,PO202500149,2025-04-11,2025-04-24,SUP012,PRD048,WH001,BUY07,"?1,591.98","?1,581.44",Advance,Closed
POL000430,PO202500149,2025-04-11,2025-04-25,SUP012,PRD039,WH001,BUY07,"?2,133.93","?2,123.78",COD,Closed
POL000431,PO202500150,2025-04-16,2025-04-26,SUP039,PRD081,WH007,BUY03,"?4,343.58","?4,374.71",Advance,Closed
POL000432,PO202500150,2025-04-16,2025-04-26,SUP039,PRD078,WH007,BUY03,"?6,729.54","?6,639.81",Advance,Closed
POL000433,PO202500151,2025-04-05,2025-04-19,SUP038,PRD071,WH006,BUY03,"?2,942.28","?2,902.66",Advance,Closed
POL000434,PO202500151,2025-04-05,2025-04-17,SUP038,PRD062,WH006,BUY03,"?5,955.40","?6,325.26",Net 45,Closed
POL000435,PO202500152,2025-04-01,2025-04-07,SUP047,PRD073,WH004,BUY03,"?3,003.06","?3,060.94",Net 60,Closed
POL000436,PO202500152,2025-04-01,2025-04-10,SUP047,PRD083,WH004,BUY03,"?10,327.46","?11,108.07",Net 60,Closed
POL000437,PO202500152,2025-04-01,2025-04-14,SUP047,PRD079,WH004,BUY03,"?9,980.64","?10,185.71",COD,Closed
POL000438,PO202500153,2025-04-22,2025-05-03,SUP038,PRD067,WH001,BUY13,"?8,726.35","?8,839.68",Net 45,Closed
POL000439,PO202500153,2025-04-22,2025-05-03,SUP038,PRD063,WH001,BUY13,"?5,594.03","?5,542.57",Net 45,Closed
POL000440,PO202500154,2025-04-06,2025-04-19,SUP016,PRD085,WH008,BUY10,?685.04,?663.37,Advance,Closed
POL000441,PO202500154,2025-04-06,2025-04-18,SUP016,PRD096,WH008,BUY10,?930.49,982.72,COD,Closed
POL000442,PO202500154,2025-04-06,2025-04-13,SUP016,PRD089,WH008,BUY10,"?1,903.49","?1,931.60",Advance,Closed
POL000443,PO202500154,2025-04-06,2025-04-20,SUP016,PRD086,WH008,BUY10,?32.35,?32.88,Net 30,Closed
POL000444,PO202500155,2025-04-23,2025-05-05,SUP010,PRD023,WH001,BUY08,"?1,537.11","?1,554.89",NET 60,Closed
POL000445,PO202500155,2025-04-23,2025-04-29,SUP010,PRD024,WH001,BUY08,"?3,676.14","?3,943.44",Net 30,Closed
POL000446,PO202500156,2025-04-11,2025-04-17,SUP039,PRD079,WH007,BUY06,"?10,525.89","?10,589.96",Advance,Closed
POL000447,PO202500156,2025-04-11,2025-04-21,SUP039,PRD081,WH007,BUY06,"?4,613.89","?4,584.65",Net 45,Closed
POL000448,PO202500156,2025-04-11,2025-04-21,SUP039,PRD077,WH007,BUY06,"?8,199.13","?7,732.65",Net 30,Closed
POL000449,PO202500157,2025-04-17,2025-04-30,SUP039,PRD074,WH001,BUY11,"?10,392.95","?10,349.26",Net 45,Closed
POL000450,PO202500157,2025-04-17,2025-04-28,SUP039,PRD084,WH001,BUY11,"?3,322.34","?3,307.42",advance,Closed
POL000451,PO202500158,2025-04-12,2025-04-21,SUP026,PRD015,WH005,BUY13,"?6,089.19","?6,064.21",Advance,Closed
POL000452,PO202500158,2025-04-12,2025-04-18,SUP026,PRD024,WH005,BUY13,"?3,799.48","?3,871.94",COD,Closed
POL000453,PO202500158,2025-04-12,2025-04-26,SUP026,PRD014,WH005,BUY13,"?1,524.27","?1,597.48",Advance,Closed
POL000454,PO202500159,2025-04-22,2025-05-01,SUP016,PRD093,WH010,BUY01,"?4,485.71","?4,478.99",Advance,Closed
POL000455,PO202500159,2025-04-22,2025-04-28,SUP016,PRD089,WH010,BUY01,"?1,873.01","?1,850.12",Advance,Closed
POL000456,PO202500159,2025-04-22,2025-04-29,SUP016,PRD094,WH010,BUY01,"?2,460.28","?2,485.85",Net 60,Closed
POL000457,PO202500159,2025-04-22,2025-05-02,SUP016,PRD092,WH010,BUY01,?164.26,?161.80,Net 60,Closed
POL000458,PO202500160,2025-04-06,2025-04-15,SUP003,PRD029,WH006,BUY09,"?2,253.62","?2,282.31",Net 60,Closed
POL000459,PO202500160,2025-04-06,2025-04-17,SUP003,PRD028,WH006,BUY09,?567.51,?524.13,Net 45,Closed
POL000460,PO202500161,2025-05-09,2025-05-19,SUP047,PRD080,WH002,BUY14,"?8,849.72","?9,412.78",Advance,Closed
POL000461,PO202500161,2025-05-09,2025-05-21,SUP047,PRD084,WH002,BUY14,"?3,495.08","?3,319.85",COD,Closed
POL000462,PO202500161,2025-05-09,2025-05-18,SUP047,PRD076,WH002,BUY14,"?6,744.90","?7,457.49",Net 60,Closed
POL000463,PO202500162,2025-05-08,2025-05-17,SUP032,PRD090,WH003,BUY10,"?2,251.30","?2,345.02",Advance,Closed
POL000464,PO202500162,2025-05-08,2025-05-15,SUP032,PRD092,WH003,BUY10,?155.69,?168.82,Net 45,Closed
POL000465,PO202500162,2025-05-08,2025-05-17,SUP032,PRD085,WH003,BUY10,?681.41,?650.05,COD,Closed
POL000466,PO202500163,2025-05-19,2025-05-26,SUP001,PRD004,WH003,BUY11,?365.09,?361.75,Net 60,Closed
POL000467,PO202500163,2025-05-19,2025-05-29,SUP001,PRD009,WH003,BUY11,?101.74,?100.85,Advance,Closed
POL000468,PO202500164,2025-05-09,2025-05-18,SUP009,PRD004,WH010,BUY14,?351.32,?349.28,Advance,Closed
POL000469,PO202500164,2025-05-09,2025-05-20,SUP009,PRD009,WH010,BUY14,?104.55,?98.70,Net 60,Closed
POL000470,PO202500164,2025-05-09,2025-05-19,SUP009,PRD010,WH010,BUY14,?742.74,?746.70,Net 30,Closed
POL000471,PO202500165,2025-05-15,2025-05-25,SUP023,PRD084,WH009,BUY13,"?3,512.19","?3,564.60",Net 30,Closed
POL000472,PO202500165,2025-05-15,2025-05-25,SUP023,PRD074,WH009,BUY13,"?10,896.32","?10,228.79",Net 60,Closed
POL000473,PO202500165,2025-05-15,2025-05-26,SUP023,PRD075,WH009,BUY13,"?7,133.81","?7,095.39",Advance,Closed
POL000474,PO202500166,2025-05-20,2025-06-03,SUP015,PRD074,WH001,BUY04,"?10,029.07","?9,981.55",Net 30,Closed
POL000475,PO202500166,2025-05-20,2025-05-31,SUP015,PRD078,WH001,BUY04,"?6,703.77","?6,848.86",COD,Closed
POL000476,PO202500167,2025-05-19,2025-05-28,SUP016,PRD087,WH008,BUY12,"?2,434.43","?2,286.56",Net 45,Cancelled
POL000477,PO202500167,2025-05-19,2025-05-30,SUP016,PRD094,WH008,BUY12,"?2,393.99","?2,447.30",Net 45,Closed
POL000478,PO202500167,2025-05-19,2025-05-28,SUP016,PRD088,WH008,BUY12,"?1,243.33","?1,227.99",Net 60,Closed
POL000479,PO202500167,2025-05-19,2025-05-29,SUP016,PRD085,WH008,BUY12,?661.02,?676.21,Net 60,Closed
POL000480,PO202500168,2025-05-24,2025-05-29,SUP014,PRD069,WH006,BUY10,"?8,136.53","?8,032.53",Advance,Closed
POL000481,PO202500168,2025-05-24,2025-06-01,SUP014,PRD067,WH006,BUY10,"?8,539.62","?8,629.53",Net 60,Closed
POL000482,PO202500168,2025-05-24,2025-06-04,SUP014,PRD071,WH006,BUY10,"?2,830.28","?2,892.49",Net 60,Closed
POL000483,PO202500169,2025-05-03,2025-05-17,SUP001,PRD011,WH003,BUY05,?714.29,?722.68,COD,Closed
POL000484,PO202500169,2025-05-03,2025-05-11,SUP001,PRD006,WH003,BUY05,?481.86,?459.51,Net 60,Closed
POL000485,PO202500169,2025-05-03,2025-05-17,SUP001,PRD007,WH003,BUY05,?287.42,?291.21,Advance,Closed
POL000486,PO202500170,2025-05-16,2025-05-25,SUP047,PRD074,WH003,BUY04,"?10,880.80","?11,981.52",Advance,Closed
POL000487,PO202500170,2025-05-16,2025-05-26,SUP047,PRD080,WH003,BUY04,"?8,628.27","?9,115.17",COD,Closed
POL000488,PO202500170,2025-05-16,2025-05-25,SUP047,PRD079,WH003,BUY04,"?9,995.65","?10,034.65",Advance,Closed
POL000489,PO202500171,2025-05-20,2025-05-31,SUP030,PRD072,WH004,BUY04,"?8,372.29","?8,369.49",COD,Closed
POL000490,PO202500171,2025-05-20,2025-05-26,SUP030,PRD069,WH004,BUY04,"?8,179.26","?8,399.77",COD,Closed
POL000491,PO202500171,2025-05-20,2025-05-29,SUP030,PRD067,WH004,BUY04,"?8,902.61","?8,954.93",Advance,Closed
POL000492,PO202500171,2025-05-20,2025-05-29,SUP030,PRD061,WH004,BUY04,"?4,496.67","?4,456.47",COD,Closed
POL000493,PO202500172,2025-05-15,2025-05-23,SUP035,PRD028,WH007,BUY15,?606.13,?637.06,Advance,Closed
POL000494,PO202500172,2025-05-15,2025-05-28,SUP035,PRD032,WH007,BUY15,"?9,122.69","?9,002.63",Net 30,Closed
POL000495,PO202500173,2025-05-09,2025-05-19,SUP027,PRD032,WH009,BUY05,"?8,921.07","?8,919.49",Net 60,Closed
POL000496,PO202500173,2025-05-09,2025-05-23,SUP027,PRD030,WH009,BUY05,"?5,200.19","?5,187.79",Advance,Closed
POL000497,PO202500174,2025-05-15,2025-05-26,SUP039,PRD079,WH005,BUY05,"?10,392.25","?10,248.95",Net 45,Closed
POL000498,PO202500174,2025-05-15,2025-05-28,SUP039,PRD078,WH005,BUY05,"?6,675.15","?6,579.97",Advance,Closed
POL000499,PO202500174,2025-05-15,2025-05-21,SUP039,PRD084,WH005,BUY05,"?3,511.21","?3,485.21",Net 60,Closed
POL000500,PO202500174,2025-05-15,2025-05-21,SUP039,PRD076,WH005,BUY05,"?6,281.35","?6,245.00",Net 30,Closed
POL000501,PO202500175,2025-05-20,2025-05-28,SUP034,PRD020,WH010,BUY02,"?2,063.04","?2,059.24",Net 30,Closed
POL000502,PO202500175,2025-05-20,2025-05-26,SUP034,PRD013,WH010,BUY02,"?3,143.69","?3,105.01",Net 45,Cancelled
POL000503,PO202500175,2025-05-20,2025-05-28,SUP034,PRD024,WH010,BUY02,"?3,814.09","?3,777.75",Net 60,Closed
POL000504,PO202500176,2025-05-07,2025-05-13,SUP028,PRD037,WH001,BUY13,"?2,810.81","?2,869.50",Net 30,Closed
POL000505,PO202500176,2025-05-07,2025-05-17,SUP028,PRD038,WH001,BUY13,"?3,012.15","?2,978.93",advance,Closed
POL000506,PO202500176,2025-05-07,2025-05-13,SUP028,PRD044,WH001,BUY13,?769.77,?769.28,Net 60,Closed
POL000507,PO202500177,2025-05-24,2025-06-02,SUP023,PRD073,WH006,BUY05,"?3,231.91","?3,301.67",Net 45,Closed
POL000508,PO202500177,2025-05-24,2025-05-28,SUP023,PRD084,WH006,BUY05,"?3,497.07","?3,579.16",COD,Closed
POL000509,PO202500177,2025-05-24,2025-05-31,SUP023,PRD083,WH006,BUY05,"?9,782.05","?9,762.24",Advance,Closed
POL000510,PO202500178,2025-05-13,2025-05-24,SUP010,PRD016,WH007,BUY11,"?5,989.63","?6,014.59",COD,Closed
POL000511,PO202500178,2025-05-13,2025-05-22,SUP010,PRD022,WH007,BUY11,"?4,123.53","?4,131.79",Net 30,Closed
POL000512,PO202500178,2025-05-13,2025-05-22,SUP010,PRD017,WH007,BUY11,"?3,402.77","?3,627.99",Net 30,Closed
POL000513,PO202500178,2025-05-13,2025-05-19,SUP010,PRD023,WH007,BUY11,"?1,505.33","?1,538.69",COD,Closed
POL000514,PO202500179,2025-05-03,2025-05-10,SUP009,PRD001,WH003,BUY15,?544.48,?538.15,Net 30,Closed
POL000515,PO202500179,2025-05-03,2025-05-16,SUP009,PRD007,WH003,BUY15,?307.67,?313.31,Advance,Closed
POL000516,PO202500180,2025-05-25,2025-05-29,SUP020,PRD041,WH007,BUY11,"?1,003.31",?996.48,Net 45,Closed
POL000517,PO202500180,2025-05-25,2025-06-05,SUP020,PRD037,WH007,BUY11,"?2,699.90","?2,722.02",COD,Closed
POL000518,PO202500180,2025-05-25,2025-05-30,SUP020,PRD038,WH007,BUY11,"?2,921.43","?3,007.28",Advance,Closed
POL000519,PO202500180,2025-05-25,2025-06-01,SUP020,PRD046,WH007,BUY11,?418.67,?416.80,COD,Closed
POL000520,PO202500181,2025-05-15,2025-05-23,SUP012,PRD039,WH007,BUY15,"?1,959.86","?2,010.34",COD,Closed
POL000521,PO202500181,2025-05-15,2025-05-21,SUP012,PRD047,WH007,BUY15,"?1,762.85","?1,757.61",Net 30,Closed
POL000522,PO202500181,2025-05-15,2025-05-23,SUP012,PRD042,WH007,BUY15,?450.27,?493.84,Net 60,Closed
POL000523,PO202500181,2025-05-15,2025-05-27,SUP012,PRD043,WH007,BUY15,"?1,570.83","?1,571.55",Net 30,Closed
POL000524,PO202500182,2025-05-25,2025-06-05,SUP031,PRD073,WH008,BUY01,"?3,232.03","?3,585.90",Net 45,Closed
POL000525,PO202500182,2025-05-25,2025-06-03,SUP031,PRD078,WH008,BUY01,"?6,763.93","?6,907.81",Advance,Closed
POL000526,PO202500183,2025-05-01,2025-05-15,SUP016,PRD095,WH001,BUY03,"?4,235.32","?4,355.13",Net 30,Closed
POL000527,PO202500183,2025-05-01,2025-05-07,SUP016,PRD087,WH001,BUY03,"?2,432.37","?2,492.20",Net 45,Closed
POL000528,PO202500183,2025-05-01,2025-05-08,SUP016,PRD096,WH001,BUY03,?990.76,"?1,001.11",Advance,Cancelled
POL000529,PO202500184,2025-05-18,2025-05-24,SUP041,PRD006,WH005,BUY15,?465.76,?470.99,Net 60,Closed
POL000530,PO202500184,2025-05-18,2025-05-28,SUP041,PRD005,WH005,BUY15,?117.04,?118.47,COD,Closed
POL000531,PO202500184,2025-05-18,2025-05-30,SUP041,PRD007,WH005,BUY15,?306.00,?302.21,Net 45,Closed
POL000532,PO202500184,2025-05-18,2025-06-01,SUP041,PRD009,WH005,BUY15,?97.47,?98.73,Advance,Closed
POL000533,PO202500185,2025-05-04,2025-05-13,SUP036,PRD041,WH009,BUY06,"?1,001.63",?990.86,Advance,Closed
POL000534,PO202500185,2025-05-04,2025-05-10,SUP036,PRD039,WH009,BUY06,"?1,989.74","?1,864.46",Net 30,Closed
POL000535,PO202500185,2025-05-04,2025-05-18,SUP036,PRD043,WH009,BUY06,"?1,497.98","?1,534.97",COD,Closed
POL000536,PO202500186,2025-05-16,2025-05-27,SUP003,PRD036,WH007,BUY14,?600.18,?597.02,Net 30,Closed
POL000537,PO202500186,2025-05-16,2025-05-28,SUP003,PRD034,WH007,BUY14,"?5,501.40","?5,629.61",Net 45,Closed
POL000538,PO202500186,2025-05-16,2025-05-30,SUP003,PRD025,WH007,BUY14,"?9,492.15","?9,699.05",Net 45,Closed
POL000539,PO202500186,2025-05-16,2025-05-23,SUP003,PRD030,WH007,BUY14,"?5,028.43","?5,561.43",COD,Closed
POL000540,PO202500187,2025-05-09,2025-05-19,SUP032,PRD089,WH003,BUY07,"?1,780.64","?1,820.63",Net 45,Closed
POL000541,PO202500187,2025-05-09,2025-05-16,SUP032,PRD095,WH003,BUY07,"?4,321.99","?4,738.93",Net 30,Closed
POL000542,PO202500187,2025-05-09,2025-05-19,SUP032,PRD085,WH003,BUY07,?672.14,?727.00,Net 60,Closed
POL000543,PO202500188,2025-05-04,2025-05-12,SUP009,PRD002,WH002,BUY10,?360.18,?362.23,Net 30,Closed
POL000544,PO202500188,2025-05-04,2025-05-14,SUP009,PRD009,WH002,BUY10,?99.09,?107.16,Advance,Closed
POL000545,PO202500188,2025-05-04,2025-05-11,SUP009,PRD005,WH002,BUY10,?130.80,?133.72,COD,Closed
POL000546,PO202500188,2025-05-04,2025-05-16,SUP009,PRD010,WH002,BUY10,?726.01,?717.29,COD,Closed
POL000547,PO202500189,2025-05-15,2025-05-25,SUP014,PRD068,WH005,BUY06,"?5,672.83","?5,650.12",Net 60,Closed
POL000548,PO202500189,2025-05-15,2025-05-27,SUP014,PRD064,WH005,BUY06,"?2,331.42","?2,244.19",Net 60,Closed
POL000549,PO202500190,2025-05-05,2025-05-17,SUP044,PRD047,WH005,BUY09,"?1,880.55","?1,860.21",COD,Closed
POL000550,PO202500190,2025-05-05,2025-05-11,SUP044,PRD044,WH005,BUY09,?796.07,?816.64,Net 30,Closed
POL000551,PO202500191,2025-05-19,2025-05-31,SUP034,PRD016,WH003,BUY11,"?5,966.56","?6,105.10",Net 45,Closed
POL000552,PO202500191,2025-05-19,2025-05-30,SUP034,PRD017,WH003,BUY11,"?3,286.96","?3,351.14",Net 60,Cancelled
POL000553,PO202500192,2025-05-16,2025-05-23,SUP036,PRD038,WH004,BUY08,"?2,917.74","?2,969.63",Net 45,Closed
POL000554,PO202500192,2025-05-16,2025-05-22,SUP036,PRD045,WH004,BUY08,?417.18,?444.14,Advance,Closed
POL000555,PO202500192,2025-05-16,2025-05-27,SUP036,PRD037,WH004,BUY08,"?2,951.47","?2,951.89",Net 60,Closed
POL000556,PO202500193,2025-05-14,2025-05-24,SUP016,PRD093,WH007,BUY07,"?4,294.77","?4,399.16",Net 30,Closed
POL000557,PO202500193,2025-05-14,2025-05-20,SUP016,PRD092,WH007,BUY07,?160.02,?163.01,Net 60,Closed
POL000558,PO202500193,2025-05-14,2025-05-27,SUP016,PRD091,WH007,BUY07,"?1,495.64","?1,526.61",Net 60,Closed
POL000559,PO202500194,2025-05-04,2025-05-13,SUP034,PRD015,WH008,BUY05,"?5,922.87","?5,858.57",Advance,Closed
POL000560,PO202500194,2025-05-04,2025-05-12,SUP034,PRD023,WH008,BUY05,"?1,408.46","?1,393.61",Net 45,Closed
POL000561,PO202500194,2025-05-04,2025-05-12,SUP034,PRD016,WH008,BUY05,"?5,810.01","?5,982.38",COD,Closed
POL000562,PO202500195,2025-05-07,2025-05-21,SUP026,PRD014,WH010,BUY11,"?1,565.21","?1,598.56",Net 30,Closed
POL000563,PO202500195,2025-05-07,2025-05-14,SUP026,PRD021,WH010,BUY11,?582.80,?587.28,Net 30,Closed
POL000564,PO202500196,2025-05-04,2025-05-14,SUP005,PRD051,WH007,BUY15,"?8,059.73","?8,091.32",COD,Closed
POL000565,PO202500196,2025-05-04,2025-05-13,SUP005,PRD058,WH007,BUY15,"?6,258.02","?6,806.52",Net 45,Closed
POL000566,PO202500196,2025-05-04,2025-05-16,SUP005,PRD053,WH007,BUY15,"?2,690.67","?2,732.15",COD,Closed
POL000567,PO202500196,2025-05-04,2025-05-12,SUP005,PRD055,WH007,BUY15,"?9,125.12","?9,365.74",Net 60,Closed
POL000568,PO202500197,2025-05-16,2025-05-23,SUP048,PRD096,WH001,BUY15,?917.24,?909.01,Advance,Closed
POL000569,PO202500197,2025-05-16,2025-05-20,SUP048,PRD095,WH001,BUY15,"?4,504.19","?4,577.49",Net 45,Closed
POL000570,PO202500198,2025-05-05,2025-05-11,SUP007,PRD073,WH003,BUY03,"?3,097.36","?3,154.05",Net 30,Closed
POL000571,PO202500198,2025-05-05,2025-05-15,SUP007,PRD079,WH003,BUY03,"?9,486.08","?9,762.91",Net 30,Closed
POL000572,PO202500199,2025-05-23,2025-05-30,SUP008,PRD090,WH007,BUY01,"?2,408.87","?2,646.45",Net 30,Closed
POL000573,PO202500199,2025-05-23,2025-06-02,SUP008,PRD095,WH007,BUY01,"?4,503.51","?4,441.11",Net 30,Closed
POL000574,PO202500199,2025-05-23,2025-06-01,SUP008,PRD091,WH007,BUY01,"?1,574.24","?1,706.41",Net 60,Closed
POL000575,PO202500200,2025-05-03,2025-05-10,SUP044,PRD046,WH010,BUY09,?460.02,?500.25,COD,Closed
POL000576,PO202500200,2025-05-03,2025-05-14,SUP044,PRD045,WH010,BUY09,?383.76,?388.82,Advance,Closed
POL000577,PO202500200,2025-05-03,2025-05-09,SUP044,PRD039,WH010,BUY09,"?2,129.94","?2,322.19",Net 30,Closed
POL000578,PO202500201,2025-06-15,2025-06-21,SUP047,PRD079,WH007,BUY15,"?10,475.95","?10,561.71",Net 30,Closed
POL000579,PO202500201,2025-06-15,2025-06-25,SUP047,PRD080,WH007,BUY15,"?9,250.33","?9,425.94",Net 30,Closed
POL000580,PO202500201,2025-06-15,2025-06-28,SUP047,PRD077,WH007,BUY15,"?7,323.87","?7,334.76",Net 30,Closed
POL000581,PO202500201,2025-06-15,2025-06-23,SUP047,PRD081,WH007,BUY15,"?4,519.84","?4,504.59",Net 30,Closed
POL000582,PO202500202,2025-06-07,2025-06-18,SUP027,PRD031,WH004,BUY11,"?7,414.12","?7,513.40",Net 60,Closed
POL000583,PO202500202,2025-06-07,2025-06-13,SUP027,PRD034,WH004,BUY11,"?5,644.35","?5,582.71",Net 30,Closed
POL000584,PO202500202,2025-06-07,2025-06-13,SUP027,PRD028,WH004,BUY11,?612.97,?626.01,Net 30,Closed
POL000585,PO202500202,2025-06-07,2025-06-20,SUP027,PRD036,WH004,BUY11,?643.63,?658.09,COD,Closed
POL000586,PO202500203,2025-06-16,2025-06-26,SUP003,PRD029,WH007,BUY04,"?2,327.87","?2,306.39",Net 60,Closed
POL000587,PO202500203,2025-06-16,2025-06-27,SUP003,PRD035,WH007,BUY04,"?11,022.06","?11,240.59",COD,Closed
POL000588,PO202500203,2025-06-16,2025-06-26,SUP003,PRD027,WH007,BUY04,"?15,758.08","?16,226.56",Advance,Closed
POL000589,PO202500203,2025-06-16,2025-06-22,SUP003,PRD030,WH007,BUY04,"?5,265.56","?5,406.37",Net 60,Closed
POL000590,PO202500204,2025-06-03,2025-06-10,SUP016,PRD090,WH009,BUY10,"?2,324.16","?2,354.73",Advance,Closed
POL000591,PO202500204,2025-06-03,2025-06-10,SUP016,PRD085,WH009,BUY10,?724.85,?738.87,Advance,Closed
POL000592,PO202500205,2025-06-14,2025-06-24,SUP018,PRD019,WH005,BUY04,"?6,680.43","?6,664.90",Net 60,Closed
POL000593,PO202500205,2025-06-14,2025-06-26,SUP018,PRD022,WH005,BUY04,"?4,201.33","?4,321.16",Net 60,Closed
POL000594,PO202500206,2025-06-24,2025-06-30,SUP045,PRD054,WH005,BUY06,?238.61,?235.13,Net 45,Closed
POL000595,PO202500206,2025-06-24,2025-07-01,SUP045,PRD055,WH005,BUY06,"?10,100.03","?10,145.77",COD,Closed
POL000596,PO202500207,2025-06-08,2025-06-14,SUP023,PRD082,WH003,BUY09,?741.43,?741.36,Net 45,Closed
POL000597,PO202500207,2025-06-08,2025-06-15,SUP023,PRD073,WH003,BUY09,"?3,075.86","?3,064.16",COD,Closed
POL000598,PO202500207,2025-06-08,2025-06-17,SUP023,PRD084,WH003,BUY09,"?3,394.41","?3,430.04",Advance,Closed
POL000599,PO202500208,2025-06-25,2025-07-08,SUP008,PRD094,WH008,BUY06,"?2,370.40","?2,364.29",Net 60,Closed
POL000600,PO202500208,2025-06-25,2025-07-06,SUP008,PRD093,WH008,BUY06,"?4,416.70","?4,540.45",Net 30,Closed
POL000601,PO202500208,2025-06-25,2025-07-08,SUP008,PRD087,WH008,BUY06,"?2,467.10","?2,275.52",Net 60,Closed
POL000602,PO202500209,2025-06-24,2025-06-30,SUP045,PRD060,WH007,BUY11,"?8,972.50","?9,149.07",Net 60,Closed
POL000603,PO202500209,2025-06-24,2025-07-07,SUP045,PRD052,WH007,BUY11,"?1,807.66","?1,842.07",Net 60,Closed
POL000604,PO202500210,2025-06-02,2025-06-12,SUP005,PRD052,WH009,BUY05,"?1,744.24","?1,671.06",Net 45,Closed
POL000605,PO202500210,2025-06-02,2025-06-06,SUP005,PRD055,WH009,BUY05,"?9,395.21","?9,346.56",Net 45,Closed
POL000606,PO202500210,2025-06-02,2025-06-06,SUP005,PRD049,WH009,BUY05,"?1,356.95","?1,355.80",Net 60,Cancelled
POL000607,PO202500211,2025-06-20,2025-06-29,SUP031,PRD076,WH004,BUY11,"?6,336.58","?5,881.52",Net 60,Closed
POL000608,PO202500211,2025-06-20,2025-07-04,SUP031,PRD075,WH004,BUY11,"?7,386.69","?7,319.67",Net 30,Closed
POL000609,PO202500212,2025-06-07,2025-06-17,SUP044,PRD039,WH001,BUY07,"?1,940.35","?1,912.01",COD,Closed
POL000610,PO202500212,2025-06-07,2025-06-15,SUP044,PRD043,WH001,BUY07,"?1,566.56","?1,560.31",Net 30,Closed
POL000611,PO202500212,2025-06-07,2025-06-16,SUP044,PRD040,WH001,BUY07,?994.52,?980.85,Net 45,Closed
POL000612,PO202500213,2025-06-01,2025-06-12,SUP031,PRD074,WH007,BUY01,"?11,048.27","?11,131.48",Net 30,Closed
POL000613,PO202500213,2025-06-01,2025-06-10,SUP031,PRD083,WH007,BUY01,"?9,399.81","?9,287.75",Net 30,Closed
POL000614,PO202500213,2025-06-01,2025-06-13,SUP031,PRD084,WH007,BUY01,"?3,357.22","?3,434.84",Net 60,Closed
POL000615,PO202500214,2025-06-10,2025-06-16,SUP041,PRD008,WH001,BUY12,?929.70,?922.13,Net 60,Closed
POL000616,PO202500214,2025-06-10,2025-06-18,SUP041,PRD007,WH001,BUY12,?289.47,?290.95,Net 45,Closed
POL000617,PO202500214,2025-06-10,2025-06-19,SUP041,PRD002,WH001,BUY12,?332.70,?328.93,Net 30,Closed
POL000618,PO202500215,2025-06-07,2025-06-14,SUP040,PRD086,WH005,BUY13,?32.27,?32.52,COD,Closed
POL000619,PO202500215,2025-06-07,2025-06-13,SUP040,PRD094,WH005,BUY13,"?2,579.51","?2,812.96",Net 60,Closed
POL000620,PO202500215,2025-06-07,2025-06-14,SUP040,PRD092,WH005,BUY13,?157.62,?167.21,Net 30,Closed
POL000621,PO202500215,2025-06-07,2025-06-15,SUP040,PRD091,WH005,BUY13,"?1,468.97","?1,490.92",COD,Closed
POL000622,PO202500216,2025-06-12,2025-06-25,SUP013,PRD049,WH006,BUY08,"?1,290.34","?1,297.54",Net 30,Closed
POL000623,PO202500216,2025-06-12,2025-06-26,SUP013,PRD058,WH006,BUY08,"?6,579.86","?6,534.50",Net 60,Closed
POL000624,PO202500216,2025-06-12,2025-06-25,SUP013,PRD057,WH006,BUY08,"?10,555.73","?11,310.36",Net 30,Closed
POL000625,PO202500217,2025-06-14,2025-06-25,SUP004,PRD047,WH009,BUY13,"?1,913.78","?1,934.11",cod,Closed
POL000626,PO202500217,2025-06-14,2025-06-19,SUP004,PRD039,WH009,BUY13,"?2,117.11","?2,105.94",Advance,Closed
POL000627,PO202500217,2025-06-14,2025-06-21,SUP004,PRD045,WH009,BUY13,?416.90,?396.74,Net 60,Closed
POL000628,PO202500218,2025-06-19,2025-07-01,SUP044,PRD042,WH004,BUY06,?457.73,?455.85,Advance,Closed
POL000629,PO202500218,2025-06-19,2025-07-01,SUP044,PRD038,WH004,BUY06,"?2,888.05","?2,930.94",COD,Closed
POL000630,PO202500218,2025-06-19,2025-06-25,SUP044,PRD045,WH004,BUY06,?405.92,?401.10,Advance,Closed
POL000631,PO202500218,2025-06-19,2025-06-27,SUP044,PRD040,WH004,BUY06,"?1,044.43","?1,068.86",COD,Closed
POL000632,PO202500219,2025-06-04,2025-06-17,SUP015,PRD080,WH005,BUY03,"?9,441.07","?9,556.58",Net 30,Closed
POL000633,PO202500219,2025-06-04,2025-06-10,SUP015,PRD079,WH005,BUY03,"?10,296.10","?10,944.44",COD,Closed
POL000634,PO202500220,2025-06-11,2025-06-19,SUP040,PRD086,WH002,BUY15,?32.08,?29.92,COD,Closed
POL000635,PO202500220,2025-06-11,2025-06-18,SUP040,PRD087,WH002,BUY15,"?2,533.17","?2,527.09",Net 30,Closed
POL000636,PO202500221,2025-06-19,2025-06-27,SUP040,PRD088,WH005,BUY13,"?1,200.20","?1,213.18",Net 45,Closed
POL000637,PO202500221,2025-06-19,2025-06-27,SUP040,PRD096,WH005,BUY13,?955.78,?973.41,Net 60,Closed
POL000638,PO202500221,2025-06-19,2025-07-01,SUP040,PRD093,WH005,BUY13,"?4,414.68","?4,536.80",Net 45,Closed
POL000639,PO202500221,2025-06-19,2025-07-03,SUP040,PRD086,WH005,BUY13,?31.01,?31.86,Net 60,Closed
POL000640,PO202500222,2025-06-03,2025-06-08,SUP004,PRD042,WH003,BUY03,?435.14,?428.92,COD,Closed
POL000641,PO202500222,2025-06-03,2025-06-12,SUP004,PRD038,WH003,BUY03,"?2,941.01","?2,900.40",Net 45,Closed
POL000642,PO202500222,2025-06-03,2025-06-08,SUP004,PRD041,WH003,BUY03,?899.46,?918.63,Net 30,Closed
POL000643,PO202500222,2025-06-03,2025-06-13,SUP004,PRD037,WH003,BUY03,"?2,751.74","?2,764.61",COD,Closed
POL000644,PO202500223,2025-06-23,2025-07-02,SUP018,PRD020,WH003,BUY09,"?1,979.31","?1,971.47",Advance,Closed
POL000645,PO202500223,2025-06-23,2025-07-07,SUP018,PRD021,WH003,BUY09,?647.93,?642.79,Net 45,Closed
POL000646,PO202500223,2025-06-23,2025-06-29,SUP018,PRD016,WH003,BUY09,"?6,145.24","?5,743.13",Net 45,Closed
POL000647,PO202500224,2025-06-19,2025-06-25,SUP045,PRD054,WH008,BUY06,?253.26,?257.31,Net 45,Closed
POL000648,PO202500224,2025-06-19,2025-06-29,SUP045,PRD057,WH008,BUY06,"?10,643.44","?10,670.71",Net 60,Closed
POL000649,PO202500225,2025-06-24,2025-06-30,SUP039,PRD074,WH002,BUY11,"?10,235.94","?10,518.40",Advance,Closed
POL000650,PO202500225,2025-06-24,2025-07-03,SUP039,PRD075,WH002,BUY11,"?7,717.10","?7,906.93",Advance,Closed
POL000651,PO202500225,2025-06-24,2025-07-04,SUP039,PRD077,WH002,BUY11,"?8,184.22","?8,287.96",COD,Closed
POL000652,PO202500225,2025-06-24,2025-07-05,SUP039,PRD076,WH002,BUY11,"?6,682.39","?6,667.61",Advance,Closed
POL000653,PO202500226,2025-06-05,2025-06-17,SUP028,PRD044,WH009,BUY12,?789.54,?811.53,Net 60,Closed
POL000654,PO202500226,2025-06-05,2025-06-19,SUP028,PRD047,WH009,BUY12,"?1,773.43","?1,939.97",Net 45,Closed
POL000655,PO202500226,2025-06-05,2025-06-15,SUP028,PRD042,WH009,BUY12,?430.82,?427.52,Advance,Closed
POL000656,PO202500226,2025-06-05,2025-06-17,SUP028,PRD037,WH009,BUY12,"?2,896.85","?2,938.90",Advance,Closed
POL000657,PO202500227,2025-06-16,2025-06-22,SUP014,PRD065,WH001,BUY01,"?6,694.06","?6,730.54",COD,Closed
POL000658,PO202500227,2025-06-16,2025-06-28,SUP014,PRD061,WH001,BUY01,"?4,738.10","?4,758.51",Net 60,Closed
POL000659,PO202500228,2025-06-07,2025-06-14,SUP035,PRD035,WH005,BUY07,"?10,637.48","?10,909.80",Advance,Closed
POL000660,PO202500228,2025-06-07,2025-06-13,SUP035,PRD036,WH005,BUY07,?602.59,?610.04,Net 45,Closed
POL000661,PO202500228,2025-06-07,2025-06-21,SUP035,PRD027,WH005,BUY07,"?15,816.50","?15,792.31",Net 45,Closed
POL000662,PO202500229,2025-06-22,2025-07-05,SUP003,PRD034,WH009,BUY06,"?5,497.28","?5,544.52",Net 60,Cancelled
POL000663,PO202500229,2025-06-22,2025-07-05,SUP003,PRD033,WH009,BUY06,"?2,888.27","?2,897.08",Net 30,Closed
POL000664,PO202500229,2025-06-22,2025-07-04,SUP003,PRD025,WH009,BUY06,"?9,218.66","?9,083.55",Net 45,Closed
POL000665,PO202500229,2025-06-22,2025-07-06,SUP003,PRD036,WH009,BUY06,?650.04,?715.10,Net 30,Closed
POL000666,PO202500230,2025-06-18,2025-06-29,SUP007,PRD083,WH002,BUY03,"?9,675.19","?9,707.01",Advance,Closed
POL000667,PO202500230,2025-06-18,2025-06-29,SUP007,PRD079,WH002,BUY03,"?9,698.90","?9,637.04",Net 60,Closed
POL000668,PO202500230,2025-06-18,2025-06-30,SUP007,PRD074,WH002,BUY03,"?10,879.03","?10,859.84",Net 30,Closed
POL000669,PO202500231,2025-06-21,2025-06-30,SUP011,PRD025,WH009,BUY06,"?8,785.80","?9,015.15",COD,Closed
POL000670,PO202500231,2025-06-21,2025-06-30,SUP011,PRD026,WH009,BUY06,"?8,228.29","?8,453.76",COD,Closed
POL000671,PO202500231,2025-06-21,2025-06-27,SUP011,PRD033,WH009,BUY06,"?2,692.85","?2,709.75",Advance,Closed
POL000672,PO202500231,2025-06-21,2025-07-03,SUP011,PRD030,WH009,BUY06,"?5,140.33","?5,095.44",Advance,Closed
POL000673,PO202500232,2025-06-04,2025-06-10,SUP027,PRD028,WH005,BUY01,?571.07,?575.06,Net 45,Closed
POL000674,PO202500232,2025-06-04,2025-06-14,SUP027,PRD026,WH005,BUY01,"?7,909.19","?8,033.99",Net 60,Closed
POL000675,PO202500232,2025-06-04,2025-06-13,SUP027,PRD032,WH005,BUY01,"?8,993.57","?9,227.55",Advance,Closed
POL000676,PO202500233,2025-06-07,2025-06-14,SUP028,PRD048,WH009,BUY13,"?1,567.96","?1,605.49",Net 45,Closed
POL000677,PO202500233,2025-06-07,2025-06-20,SUP028,PRD038,WH009,BUY13,"?3,001.17","?3,089.28",COD,Closed
POL000678,PO202500233,2025-06-07,2025-06-19,SUP028,PRD046,WH009,BUY13,?456.88,?467.90,Advance,Closed
POL000679,PO202500234,2025-06-02,2025-06-16,SUP033,PRD011,WH010,BUY01,?687.88,?700.10,Advance,Closed
POL000680,PO202500234,2025-06-02,2025-06-15,SUP033,PRD004,WH010,BUY01,?356.18,?361.53,Net 30,Closed
POL000681,PO202500235,2025-06-17,2025-06-22,SUP004,PRD045,WH007,BUY05,?404.63,?403.25,COD,Closed
POL000682,PO202500235,2025-06-17,2025-06-28,SUP004,PRD040,WH007,BUY05,"?1,020.82","?1,018.73",Net 60,Closed
POL000683,PO202500235,2025-06-17,2025-06-26,SUP004,PRD047,WH007,BUY05,"?1,940.77","?1,972.80",Net 30,Closed
POL000684,PO202500235,2025-06-17,2025-06-29,SUP004,PRD037,WH007,BUY05,"?2,715.17","?2,781.77",Advance,Closed
POL000685,PO202500236,2025-06-14,2025-06-22,SUP007,PRD078,WH001,BUY12,"?6,815.72","?6,753.04",Net 60,Closed
POL000686,PO202500236,2025-06-14,2025-06-24,SUP007,PRD076,WH001,BUY12,"?6,585.33","?6,666.17",COD,Closed
POL000687,PO202500236,2025-06-14,2025-06-27,SUP007,PRD079,WH001,BUY12,"?9,646.59","?9,844.15",Net 45,Closed
POL000688,PO202500236,2025-06-14,2025-06-21,SUP007,PRD084,WH001,BUY12,"?3,483.82","?3,493.75",Net 60,Closed
POL000689,PO202500237,2025-06-06,2025-06-15,SUP015,PRD075,WH004,BUY12,"?7,408.04","?7,305.47",Advance,Closed
POL000690,PO202500237,2025-06-06,2025-06-15,SUP015,PRD077,WH004,BUY12,"?7,384.69","?7,394.40",Net 30,Closed
POL000691,PO202500238,2025-06-19,2025-06-25,SUP020,PRD045,WH001,BUY09,?391.53,?402.65,Advance,Closed
POL000692,PO202500238,2025-06-19,2025-06-23,SUP020,PRD048,WH001,BUY09,"?1,521.53","?1,533.08",Net 30,Closed
POL000693,PO202500238,2025-06-19,2025-06-26,SUP020,PRD047,WH001,BUY09,"?1,962.39","?1,815.57",Net 30,Closed
POL000694,PO202500238,2025-06-19,2025-06-28,SUP020,PRD046,WH001,BUY09,?449.13,?449.23,Net 30,Closed
POL000695,PO202500239,2025-06-24,2025-07-07,SUP007,PRD077,WH002,BUY11,"?7,943.40","?7,880.76",Advance,Closed
POL000696,PO202500239,2025-06-24,2025-07-03,SUP007,PRD078,WH002,BUY11,"?7,159.29","?7,126.19",Net 45,Closed
POL000697,PO202500239,2025-06-24,2025-06-30,SUP007,PRD082,WH002,BUY11,?747.75,?695.23,Net 45,Closed
POL000698,PO202500239,2025-06-24,2025-07-04,SUP007,PRD083,WH002,BUY11,"?9,464.38","?9,637.49",Net 30,Closed
POL000699,PO202500240,2025-06-10,2025-06-18,SUP041,PRD006,WH010,BUY06,?509.85,?508.95,Advance,Closed
POL000700,PO202500240,2025-06-10,2025-06-19,SUP041,PRD010,WH010,BUY06,?721.04,?733.89,Net 60,Closed
POL000701,PO202500240,2025-06-10,2025-06-16,SUP041,PRD003,WH010,BUY06,?545.99,?552.98,Net 30,Closed
POL000244,PO202500086,2025-03-22,2025-04-01,SUP019,PRD035,WH004,BUY04,"?10,642.62","?10,724.04",Net 45,Closed
POL000325,PO202500112,2025-03-24,2025-04-01,SUP041,PRD005,WH003,BUY15,?117.30,?129.48,Net 60,Closed
POL000412,PO202500142,2025-04-05,2025-04-11,SUP009,PRD006,WH002,BUY09,?508.74,?509.16,COD,Closed
POL000453,PO202500158,2025-04-12,2025-04-26,SUP026,PRD014,WH005,BUY13,"?1,524.27","?1,597.48",Advance,Closed
