PO_Line_ID,Quantity_Type,Quantity
POL000001,Ordered,29
POL000001,Received,28
POL000001,Rejected,1
POL000002,Ordered,92
POL000002,Received,89
POL000002,Rejected,1
POL000003,Ordered,350
POL000003,Received,334
POL000003,Rejected,2
POL000004,Ordered,345
POL000004,Received,337
POL000004,Rejected,1
POL000005,Ordered,314
POL000005,Received,301
POL000005,Rejected,1
POL000006,Ordered,507
POL000006,Received,498
POL000006,Rejected,6
POL000007,Ordered,581
POL000007,Received,580
POL000007,Rejected,3
POL000008,Ordered,448
POL000008,Received,448
POL000008,Rejected,1
POL000009,Ordered,220
POL000009,Received,211
POL000009,Rejected,0
POL000010,Ordered,171
POL000010,Received,168
POL000010,Rejected,2
POL000011,Ordered,22
POL000011,Received,22
POL000011,Rejected,0
POL000012,Ordered,24
POL000012,Received,23
POL000012,Rejected,0
POL000013,Ordered,203
POL000013,Received,194
POL000013,Rejected,2
POL000014,Ordered,201
POL000014,Received,189
POL000014,Rejected,0
POL000015,Ordered,20
POL000015,Received,20
POL000015,Rejected,0
POL000016,Ordered,36
POL000016,Received,35
POL000016,Rejected,1
POL000017,Ordered,126
POL000017,Received,120
POL000017,Rejected,1
POL000018,Ordered,115
POL000018,Received,115
POL000018,Rejected,3
POL000019,Ordered,182
POL000019,Received,182
POL000019,Rejected,2
POL000020,Ordered,16
POL000020,Received,16
POL000020,Rejected,0
POL000021,Ordered,87
POL000021,Received,87
POL000021,Rejected,1
POL000022,Ordered,133
POL000022,Received,131
POL000022,Rejected,1
POL000023,Ordered,54
POL000023,Received,52
POL000023,Rejected,0
POL000024,Ordered,81
POL000024,Received,79
POL000024,Rejected,0
POL000025,Ordered,67
POL000025,Received,67
POL000025,Rejected,0
POL000026,Ordered,83
POL000026,Received,83
POL000026,Rejected,1
POL000027,Ordered,151
POL000027,Received,149
POL000027,Rejected,3
POL000028,Ordered,637
POL000028,Received,602
POL000028,rejected,6
POL000029,Ordered,535
POL000029,Received,525
POL000029,Rejected,2
POL000030,Ordered,278
POL000030,Received,270
POL000030,Rejected,2
POL000031,Ordered,201
POL000031,Received,199
POL000031,Rejected,2
POL000032,Ordered,305
POL000032,Received,292
POL000032,Rejected,1
POL000033,Ordered,134
POL000033,Received,129
POL000033,Rejected,1
POL000034,Ordered,140
POL000034,Received,137
POL000034,Rejected,0
POL000035,Ordered,182
POL000035,Received,178
POL000035,Rejected,2
POL000036,Ordered,415
POL000036,Received,415
POL000036,Rejected,5
POL000037,Ordered,352
POL000037,Received,350
POL000037,Rejected,1
POL000038,Ordered,484
POL000038,Received,484
POL000038,Rejected,5
POL000039,Ordered,244
POL000039,Received,226
POL000039,Rejected,2
POL000040,Ordered,396
POL000040,Received,396
POL000040,Rejected,3
POL000041,Ordered,486
POL000041,Received,482
POL000041,Rejected,1
POL000042,Ordered,470
POL000042,Received,435
POL000042,Rejected,4
POL000043,Ordered,180
POL000043,Received,172
POL000043,Rejected,4
POL000044,Ordered,610
POL000044,Received,610
POL000044,Rejected,12
POL000045,Ordered,169
POL000045,Received,169
POL000045,Rejected,2
POL000046,Ordered,357
POL000046,Received,357
POL000046,Rejected,4
POL000047,Ordered,168
POL000047,Received,157
POL000047,Rejected,0
POL000048,Ordered,193
POL000048,Received,188
POL000048,Rejected,1
POL000049,Ordered,144
POL000049,Received,144
POL000049,Rejected,0
POL000050,Ordered,170
POL000050,Received,159
POL000050,Rejected,0
POL000051,Ordered,123
POL000051,Received,118
POL000051,Rejected,1
POL000052,Ordered,222
POL000052,Received,212
POL000052,Rejected,1
POL000053,Ordered,124
POL000053,Received,124
POL000053,Rejected,1
POL000054,ordered,505
POL000054,Received,477
POL000054,Rejected,1
POL000055,Ordered,644
POL000055,Received,633
POL000055,Rejected,9
POL000056,Ordered,108
POL000056,Received,106
POL000056,Rejected,2
POL000057,Ordered,500
POL000057,Received,500
POL000057,Rejected,2
POL000058,Ordered,507
POL000058,Received,507
POL000058,Rejected,15
POL000059,Ordered,511
POL000059,Received,511
POL000059,Rejected,0
POL000060,Ordered,605
POL000060,Received,557
POL000060,Rejected,3
POL000061,Ordered,613
POL000061,Received,575
POL000061,Rejected,18
POL000062,Ordered,471
POL000062,Received,458
POL000062,Rejected,1
POL000063,Ordered,242
POL000063,Received,230
POL000063,Rejected,2
POL000064,Ordered,301
POL000064,Received,296
POL000064,Rejected,2
POL000065,Ordered,352
POL000065,Received,330
POL000065,Rejected,2
POL000066,Ordered,102
POL000066,Received,102
POL000066,Rejected,3
POL000067,Ordered,356
POL000067,Received,350
POL000067,Rejected,4
POL000068,Ordered,383
POL000068,Received,362
POL000068,Rejected,2
POL000069,Ordered,595
POL000069,Received,561
POL000069,Rejected,3
POL000070,Ordered,302
POL000070,Received,298
POL000070,Rejected,1
POL000071,Ordered,379
POL000071,Received,355
POL000071,Rejected,5
POL000072,Ordered,625
POL000072,Received,623
POL000072,Rejected,6
POL000073,Ordered,43
POL000073,Received,42
POL000073,Rejected,0
POL000074,Ordered,135
POL000074,Received,132
POL000074,Rejected,2
POL000075,Ordered,194
POL000075,Received,189
POL000075,Rejected,0
POL000076,Ordered,193
POL000076,Received,189
POL000076,Rejected,1
POL000077,Ordered,39
POL000077,Received,38
POL000077,Rejected,0
POL000078,Ordered,182
POL000078,Received,182
POL000078,Rejected,0
POL000079,Ordered,43
POL000079,received,41
POL000079,Rejected,0
POL000080,Ordered,141
POL000080,Received,132
POL000080,Rejected,1
POL000081,Ordered,182
POL000081,Received,175
POL000081,Rejected,3
POL000082,Ordered,164
POL000082,Received,162
POL000082,Rejected,3
POL000083,Ordered,37
POL000083,Received,36
POL000083,Rejected,0
POL000084,Ordered,190
POL000084,Received,185
POL000084,Rejected,3
POL000085,Ordered,135
POL000085,Received,135
POL000085,Rejected,1
POL000086,Ordered,161
POL000086,Received,160
POL000086,Rejected,1
POL000087,Ordered,133
POL000087,Received,132
POL000087,Rejected,2
POL000088,Ordered,10
POL000088,Received,10
POL000088,Rejected,0
POL000089,Ordered,142
POL000089,Received,137
POL000089,Rejected,1
POL000090,Ordered,236
POL000090,Received,224
POL000090,Rejected,3
POL000091,Ordered,314
POL000091,Received,307
POL000091,Rejected,1
POL000092,Ordered,244
POL000092,Received,233
POL000092,Rejected,0
POL000093,Ordered,278
POL000093,Received,278
POL000093,Rejected,1
POL000094,Ordered,475
POL000094,Received,472
POL000094,Rejected,1
POL000095,Ordered,217
POL000095,Received,217
POL000095,Rejected,3
POL000096,Ordered,109
POL000096,Received,106
POL000096,Rejected,0
POL000097,Ordered,214
POL000097,Received,214
POL000097,Rejected,3
POL000098,Ordered,71
POL000098,Received,68
POL000098,Rejected,0
POL000099,Ordered,591
POL000099,Received,582
POL000099,Rejected,6
POL000100,Ordered,203
POL000100,Received,199
POL000100,Rejected,1
POL000101,Ordered,166
POL000101,Received,163
POL000101,Rejected,0
POL000102,Ordered,341
POL000102,Received,329
POL000102,Rejected,4
POL000103,Ordered,23
POL000103,Received,23
POL000103,Rejected,0
POL000104,Ordered,138
POL000104,Received,136
POL000104,Rejected,1
POL000105,Ordered,123
POL000105,Received,118
POL000105,Rejected,1
POL000106,Ordered,59
POL000106,Received,56
POL000106,Rejected,0
POL000107,Ordered,298
POL000107,Received,286
POL000107,Rejected,5
POL000108,Ordered,95
POL000108,Received,93
POL000108,Rejected,1
POL000109,Ordered,597
POL000109,Received,590
POL000109,Rejected,0
POL000110,Ordered,593
POL000110,Received,584
POL000110,Rejected,7
POL000111,Ordered,185
POL000111,Received,175
POL000111,Rejected,0
POL000112,Ordered,182
POL000112,Received,181
POL000112,Rejected,2
POL000113,Ordered,145
POL000113,Received,145
POL000113,Rejected,0
POL000114,Ordered,16
POL000114,Received,16
POL000114,Rejected,0
POL000115,Ordered,395
POL000115,Received,395
POL000115,Rejected,0
POL000116,Ordered,194
POL000116,Received,193
POL000116,Rejected,2
POL000117,Ordered,549
POL000117,Received,549
POL000117,Rejected,6
POL000118,Ordered,96
POL000118,Received,89
POL000118,Rejected,1
POL000119,Ordered,169
POL000119,Received,162
POL000119,Rejected,0
POL000120,Ordered,144
POL000120,Received,141
POL000120,Rejected,2
POL000121,Ordered,203
POL000121,Received,199
POL000121,Rejected,3
POL000122,Ordered,36
POL000122,Received,36
POL000122,Rejected,0
POL000123,Ordered,20
POL000123,Received,19
POL000123,Rejected,0
POL000124,Ordered,290
POL000124,Received,277
POL000124,Rejected,3
POL000125,Ordered,182
POL000125,Received,182
POL000125,Rejected,0
POL000126,Ordered,295
POL000126,Received,287
POL000126,rejected,1
POL000127,Ordered,202
POL000127,Received,200
POL000127,Rejected,2
POL000128,Ordered,206
POL000128,Received,206
POL000128,Rejected,1
POL000129,Ordered,213
POL000129,Received,210
POL000129,Rejected,1
POL000130,Ordered,220
POL000130,Received,216
POL000130,Rejected,3
POL000131,Ordered,142
POL000131,Received,139
POL000131,Rejected,3
POL000132,Ordered,16
POL000132,Received,15
POL000132,Rejected,0
POL000133,Ordered,263
POL000133,Received,0
POL000133,Rejected,0
POL000134,Ordered,329
POL000134,Received,329
POL000134,Rejected,1
POL000135,Ordered,535
POL000135,Received,528
POL000135,Rejected,16
POL000136,Ordered,464
POL000136,Received,462
POL000136,Rejected,0
POL000137,Ordered,475
POL000137,Received,475
POL000137,Rejected,3
POL000138,Ordered,500
POL000138,Received,462
POL000138,Rejected,0
POL000139,Ordered,28
POL000139,Received,28
POL000139,Rejected,0
POL000140,Ordered,66
POL000140,Received,65
POL000140,Rejected,0
POL000141,Ordered,314
POL000141,Received,309
POL000141,Rejected,4
POL000142,Ordered,186
POL000142,Received,180
POL000142,Rejected,1
POL000143,Ordered,550
POL000143,Received,539
POL000143,Rejected,5
POL000144,Ordered,353
POL000144,Received,343
POL000144,Rejected,1
POL000145,Ordered,541
POL000145,Received,541
POL000145,Rejected,3
POL000146,Ordered,520
POL000146,Received,520
POL000146,Rejected,2
POL000147,Ordered,602
POL000147,Received,559
POL000147,Rejected,1
POL000148,Ordered,507
POL000148,Received,492
POL000148,Rejected,2
POL000149,Ordered,302
POL000149,Received,0
POL000149,Rejected,0
POL000150,Ordered,349
POL000150,Received,340
POL000150,Rejected,1
POL000151,Ordered,191
POL000151,Received,182
POL000151,Rejected,2
POL000152,Ordered,53
POL000152,Received,51
POL000152,Rejected,0
POL000153,Ordered,177
POL000153,Received,174
POL000153,Rejected,2
POL000154,Ordered,202
POL000154,Received,199
POL000154,Rejected,2
POL000155,Ordered,13
POL000155,Received,12
POL000155,Rejected,0
POL000156,Ordered,101
POL000156,Received,100
POL000156,Rejected,1
POL000157,Ordered,612
POL000157,Received,612
POL000157,Rejected,4
POL000158,Ordered,132
POL000158,Received,128
POL000158,Rejected,1
POL000159,Ordered,306
POL000159,Received,299
POL000159,Rejected,2
POL000160,Ordered,395
POL000160,Received,379
POL000160,Rejected,8
POL000161,Ordered,158
POL000161,Received,153
POL000161,Rejected,1
POL000162,Ordered,380
POL000162,Received,380
POL000162,Rejected,6
POL000163,Ordered,408
POL000163,Received,408
POL000163,Rejected,3
POL000164,Ordered,365
POL000164,Received,365
POL000164,Rejected,0
POL000165,Ordered,172
POL000165,Received,172
POL000165,Rejected,0
POL000166,Ordered,80
POL000166,Received,78
POL000166,Rejected,0
POL000167,Ordered,18
POL000167,Received,18
POL000167,Rejected,0
POL000168,Ordered,218
POL000168,Received,212
POL000168,Rejected,2
POL000169,Ordered,157
POL000169,Received,146
POL000169,Rejected,1
POL000170,Ordered,297
POL000170,Received,293
POL000170,Rejected,3
POL000171,Ordered,597
POL000171,Received,597
POL000171,Rejected,13
POL000172,Ordered,160
POL000172,Received,152
POL000172,Rejected,0
POL000173,Ordered,161
POL000173,Received,158
POL000173,Rejected,1
POL000174,Ordered,427
POL000174,Received,427
POL000174,Rejected,1
POL000175,Ordered,481
POL000175,Received,481
POL000175,Rejected,1
POL000176,Ordered,345
POL000176,Received,345
POL000176,Rejected,4
POL000177,Ordered,167
POL000177,Received,162
POL000177,Rejected,2
POL000178,Ordered,193
POL000178,Received,193
POL000178,Rejected,2
POL000179,Ordered,204
POL000179,Received,199
POL000179,Rejected,2
POL000180,Ordered,322
POL000180,Received,322
POL000180,Rejected,6
POL000181,Ordered,269
POL000181,Received,258
POL000181,Rejected,2
POL000182,Ordered,34
POL000182,Received,34
POL000182,Rejected,0
POL000183,Ordered,124
POL000183,Received,124
POL000183,Rejected,1
POL000184,Ordered,239
POL000184,Received,236
POL000184,Rejected,0
POL000185,Ordered,80
POL000185,Received,80
POL000185,Rejected,1
POL000186,Ordered,189
POL000186,Received,189
POL000186,Rejected,2
POL000187,Ordered,485
POL000187,Received,457
POL000187,Rejected,5
POL000188,Ordered,399
POL000188,Received,391
POL000188,Rejected,1
POL000189,Ordered,488
POL000189,Received,488
POL000189,Rejected,4
POL000190,Ordered,312
POL000190,Received,312
POL000190,Rejected,3
POL000191,Ordered,268
POL000191,Received,268
POL000191,Rejected,3
POL000192,Ordered,166
POL000192,Received,162
POL000192,Rejected,1
POL000193,Ordered,205
POL000193,Received,200
POL000193,Rejected,3
POL000194,Ordered,403
POL000194,Received,403
POL000194,Rejected,3
POL000195,Ordered,109
POL000195,Received,107
POL000195,Rejected,1
POL000196,Ordered,174
POL000196,Received,174
POL000196,Rejected,3
POL000197,Ordered,183
POL000197,Received,183
POL000197,Rejected,2
POL000198,Ordered,64
POL000198,Received,62
POL000198,Rejected,1
POL000199,Ordered,189
POL000199,Received,189
POL000199,Rejected,0
POL000200,Ordered,23
POL000200,Received,23
POL000200,Rejected,0
POL000201,Ordered,213
POL000201,Received,213
POL000201,Rejected,1
POL000202,Ordered,299
POL000202,Received,299
POL000202,Rejected,3
POL000203,Ordered,528
POL000203,Received,513
POL000203,Rejected,5
POL000204,Ordered,87
POL000204,Received,87
POL000204,Rejected,1
POL000205,Ordered,111
POL000205,Received,110
POL000205,Rejected,1
POL000206,Ordered,149
POL000206,Received,149
POL000206,Rejected,1
POL000207,Ordered,76
POL000207,Received,75
POL000207,Rejected,0
POL000208,Ordered,101
POL000208,Received,100
POL000208,Rejected,0
POL000209,Ordered,193
POL000209,Received,188
POL000209,Rejected,1
POL000210,Ordered,203
POL000210,Received,201
POL000210,Rejected,1
POL000211,Ordered,80
POL000211,Received,78
POL000211,Rejected,1
POL000212,Ordered,616
POL000212,Received,616
POL000212,Rejected,6
POL000213,Ordered,163
POL000213,Received,158
POL000213,Rejected,2
POL000214,Ordered,206
POL000214,Received,206
POL000214,Rejected,2
POL000215,Ordered,119
POL000215,Received,118
POL000215,Rejected,1
POL000216,Ordered,30
POL000216,Received,30
POL000216,Rejected,0
POL000217,Ordered,95
POL000217,Received,92
POL000217,Rejected,1
POL000218,Ordered,288
POL000218,Received,283
POL000218,Rejected,3
POL000219,Ordered,603
POL000219,Received,602
POL000219,Rejected,4
POL000220,Ordered,301
POL000220,Received,293
POL000220,Rejected,1
POL000221,Ordered,383
POL000221,Received,382
POL000221,Rejected,2
POL000222,Ordered,178
POL000222,Received,178
POL000222,Rejected,2
POL000223,Ordered,33
POL000223,Received,33
POL000223,Rejected,0
POL000224,Ordered,134
POL000224,Received,134
POL000224,Rejected,1
POL000225,Ordered,219
POL000225,Received,218
POL000225,Rejected,1
POL000226,Ordered,180
POL000226,Received,177
POL000226,Rejected,0
POL000227,Ordered,393
POL000227,Received,391
POL000227,Rejected,2
POL000228,ordered,289
POL000228,Received,279
POL000228,Rejected,1
POL000229,Ordered,592
POL000229,Received,587
POL000229,Rejected,3
POL000230,Ordered,209
POL000230,Received,204
POL000230,Rejected,1
POL000231,Ordered,589
POL000231,Received,578
POL000231,Rejected,5
POL000232,Ordered,338
POL000232,Received,338
POL000232,Rejected,5
POL000233,Ordered,602
POL000233,Received,587
POL000233,Rejected,3
POL000234,Ordered,607
POL000234,Received,587
POL000234,Rejected,9
POL000235,Ordered,566
POL000235,Received,566
POL000235,Rejected,4
POL000236,Ordered,240
POL000236,Received,239
POL000236,Rejected,2
POL000237,Ordered,196
POL000237,Received,191
POL000237,Rejected,1
POL000238,Ordered,106
POL000238,Received,105
POL000238,Rejected,1
POL000239,Ordered,50
POL000239,Received,48
POL000239,Rejected,0
POL000240,Ordered,90
POL000240,Received,89
POL000240,Rejected,1
POL000241,Ordered,75
POL000241,Received,75
POL000241,Rejected,1
POL000242,Ordered,152
POL000242,Received,150
POL000242,Rejected,0
POL000243,Ordered,102
POL000243,Received,102
POL000243,Rejected,0
POL000244,Ordered,203
POL000244,Received,203
POL000244,Rejected,2
POL000245,Ordered,112
POL000245,Received,107
POL000245,Rejected,1
POL000246,Ordered,60
POL000246,Received,59
POL000246,Rejected,0
POL000247,Ordered,40
POL000247,Received,40
POL000247,Rejected,0
POL000248,Ordered,162
POL000248,Received,162
POL000248,Rejected,2
POL000249,Ordered,26
POL000249,Received,25
POL000249,Rejected,0
POL000250,Ordered,74
POL000250,Received,74
POL000250,Rejected,0
POL000251,Ordered,15
POL000251,Received,14
POL000251,Rejected,0
POL000252,Ordered,171
POL000252,Received,158
POL000252,Rejected,3
POL000253,Ordered,117
POL000253,received,117
POL000253,Rejected,0
POL000254,Ordered,171
POL000254,Received,171
POL000254,rejected,1
POL000255,Ordered,109
POL000255,Received,108
POL000255,Rejected,1
POL000256,Ordered,145
POL000256,Received,145
POL000256,Rejected,2
POL000257,Ordered,208
POL000257,Received,198
POL000257,Rejected,2
POL000258,Ordered,480
POL000258,Received,445
POL000258,Rejected,0
POL000259,Ordered,548
POL000259,Received,529
POL000259,Rejected,5
POL000260,Ordered,113
POL000260,Received,108
POL000260,Rejected,0
POL000261,Ordered,35
POL000261,Received,35
POL000261,Rejected,0
POL000262,Ordered,186
POL000262,Received,186
POL000262,Rejected,7
POL000263,Ordered,169
POL000263,Received,164
POL000263,Rejected,1
POL000264,Ordered,51
POL000264,Received,50
POL000264,Rejected,1
POL000265,Ordered,71
POL000265,Received,70
POL000265,Rejected,0
POL000266,Ordered,216
POL000266,Received,213
POL000266,Rejected,1
POL000267,Ordered,120
POL000267,Received,116
POL000267,Rejected,1
POL000268,Ordered,155
POL000268,Received,155
POL000268,Rejected,1
POL000269,Ordered,62
POL000269,Received,62
POL000269,Rejected,0
POL000270,Ordered,40
POL000270,Received,40
POL000270,Rejected,0
POL000271,Ordered,178
POL000271,Received,178
POL000271,Rejected,1
POL000272,Ordered,609
POL000272,Received,592
POL000272,Rejected,4
POL000273,Ordered,174
POL000273,Received,166
POL000273,Rejected,1
POL000274,Ordered,146
POL000274,Received,146
POL000274,Rejected,1
POL000275,Ordered,175
POL000275,Received,167
POL000275,Rejected,0
POL000276,Ordered,165
POL000276,Received,152
POL000276,Rejected,1
POL000277,Ordered,20
POL000277,Received,20
POL000277,Rejected,0
POL000278,Ordered,246
POL000278,Received,242
POL000278,Rejected,2
POL000279,Ordered,137
POL000279,Received,136
POL000279,Rejected,2
POL000280,Ordered,483
POL000280,Received,468
POL000280,Rejected,2
POL000281,Ordered,478
POL000281,Received,472
POL000281,Rejected,0
POL000282,Ordered,453
POL000282,Received,438
POL000282,Rejected,0
POL000283,Ordered,463
POL000283,Received,451
POL000283,Rejected,3
POL000284,Ordered,499
POL000284,Received,499
POL000284,Rejected,0
POL000285,Ordered,558
POL000285,Received,549
POL000285,Rejected,1
POL000286,Ordered,564
POL000286,Received,564
POL000286,Rejected,4
POL000287,Ordered,180
POL000287,Received,0
POL000287,Rejected,0
POL000288,Ordered,90
POL000288,Received,87
POL000288,Rejected,1
POL000289,Ordered,13
POL000289,Received,13
POL000289,Rejected,0
POL000290,Ordered,86
POL000290,Received,86
POL000290,Rejected,1
POL000291,Ordered,164
POL000291,Received,150
POL000291,rejected,1
POL000292,Ordered,417
POL000292,Received,410
POL000292,Rejected,1
POL000293,Ordered,642
POL000293,Received,642
POL000293,Rejected,3
POL000294,Ordered,13
POL000294,Received,13
POL000294,Rejected,0
POL000295,Ordered,147
POL000295,Received,143
POL000295,Rejected,1
POL000296,Ordered,69
POL000296,Received,69
POL000296,Rejected,0
POL000297,ordered,184
POL000297,Received,181
POL000297,Rejected,1
POL000298,Ordered,61
POL000298,Received,61
POL000298,Rejected,0
POL000299,Ordered,170
POL000299,Received,166
POL000299,Rejected,2
POL000300,Ordered,218
POL000300,Received,218
POL000300,Rejected,1
POL000301,ordered,168
POL000301,Received,168
POL000301,Rejected,0
POL000302,Ordered,133
POL000302,Received,129
POL000302,Rejected,1
POL000303,Ordered,162
POL000303,Received,162
POL000303,Rejected,0
POL000304,Ordered,243
POL000304,Received,241
POL000304,Rejected,5
POL000305,Ordered,348
POL000305,Received,342
POL000305,Rejected,5
POL000306,Ordered,365
POL000306,Received,360
POL000306,Rejected,1
POL000307,Ordered,62
POL000307,Received,60
POL000307,Rejected,1
POL000308,Ordered,178
POL000308,Received,169
POL000308,Rejected,0
POL000309,Ordered,337
POL000309,Received,337
POL000309,Rejected,5
POL000310,Ordered,385
POL000310,Received,385
POL000310,Rejected,4
POL000311,Ordered,401
POL000311,Received,384
POL000311,Rejected,3
POL000312,Ordered,549
POL000312,received,521
POL000312,Rejected,2
POL000313,Ordered,371
POL000313,received,366
POL000313,Rejected,2
POL000314,Ordered,503
POL000314,Received,494
POL000314,Rejected,5
POL000315,Ordered,583
POL000315,Received,583
POL000315,Rejected,7
POL000316,Ordered,177
POL000316,Received,175
POL000316,Rejected,0
POL000317,ordered,154
POL000317,Received,152
POL000317,Rejected,0
POL000318,Ordered,204
POL000318,Received,204
POL000318,Rejected,2
POL000319,Ordered,143
POL000319,Received,142
POL000319,Rejected,0
POL000320,Ordered,364
POL000320,Received,358
POL000320,Rejected,0
POL000321,Ordered,413
POL000321,Received,392
POL000321,Rejected,5
POL000322,Ordered,232
POL000322,Received,224
POL000322,Rejected,2
POL000323,Ordered,649
POL000323,Received,634
POL000323,Rejected,2
POL000324,Ordered,268
POL000324,Received,261
POL000324,Rejected,2
POL000325,Ordered,379
POL000325,Received,379
POL000325,Rejected,4
POL000326,Ordered,351
POL000326,Received,351
POL000326,Rejected,0
POL000327,Ordered,53
POL000327,Received,52
POL000327,Rejected,0
POL000328,Ordered,154
POL000328,Received,152
POL000328,Rejected,1
POL000329,Ordered,269
POL000329,Received,269
POL000329,Rejected,6
POL000330,Ordered,236
POL000330,Received,236
POL000330,Rejected,5
POL000331,Ordered,136
POL000331,Received,130
POL000331,Rejected,1
POL000332,Ordered,167
POL000332,Received,165
POL000332,Rejected,1
POL000333,Ordered,144
POL000333,Received,142
POL000333,Rejected,1
POL000334,Ordered,98
POL000334,Received,98
POL000334,Rejected,0
POL000335,Ordered,91
POL000335,Received,91
POL000335,Rejected,0
POL000336,Ordered,487
POL000336,Received,480
POL000336,Rejected,2
POL000337,Ordered,368
POL000337,Received,365
POL000337,Rejected,3
POL000338,Ordered,148
POL000338,Received,148
POL000338,Rejected,3
POL000339,Ordered,153
POL000339,Received,151
POL000339,Rejected,1
POL000340,Ordered,558
POL000340,Received,546
POL000340,Rejected,0
POL000341,Ordered,533
POL000341,Received,530
POL000341,Rejected,1
POL000342,Ordered,93
POL000342,Received,87
POL000342,Rejected,0
POL000343,Ordered,63
POL000343,Received,62
POL000343,Rejected,1
POL000344,Ordered,593
POL000344,Received,569
POL000344,Rejected,2
POL000345,Ordered,291
POL000345,Received,279
POL000345,Rejected,4
POL000346,Ordered,142
POL000346,Received,142
POL000346,Rejected,1
POL000347,Ordered,512
POL000347,Received,486
POL000347,Rejected,7
POL000348,Ordered,471
POL000348,Received,453
POL000348,Rejected,14
POL000349,Ordered,44
POL000349,Received,44
POL000349,Rejected,1
POL000350,Ordered,39
POL000350,Received,37
POL000350,Rejected,0
POL000351,Ordered,79
POL000351,Received,0
POL000351,Rejected,0
POL000352,Ordered,499
POL000352,Received,487
POL000352,Rejected,3
POL000353,Ordered,87
POL000353,Received,80
POL000353,Rejected,0
POL000354,Ordered,416
POL000354,Received,397
POL000354,Rejected,4
POL000355,Ordered,84
POL000355,Received,83
POL000355,Rejected,1
POL000356,Ordered,478
POL000356,Received,461
POL000356,Rejected,5
POL000357,Ordered,159
POL000357,Received,151
POL000357,Rejected,0
POL000358,Ordered,95
POL000358,Received,93
POL000358,Rejected,1
POL000359,Ordered,76
POL000359,Received,76
POL000359,Rejected,0
POL000360,Ordered,126
POL000360,Received,125
POL000360,Rejected,2
POL000361,Ordered,194
POL000361,Received,194
POL000361,Rejected,2
POL000362,Ordered,148
POL000362,Received,148
POL000362,Rejected,1
POL000363,Ordered,130
POL000363,Received,125
POL000363,Rejected,0
POL000364,Ordered,604
POL000364,Received,570
POL000364,Rejected,3
POL000365,Ordered,437
POL000365,Received,428
POL000365,Rejected,1
POL000366,Ordered,129
POL000366,Received,129
POL000366,Rejected,0
POL000367,Ordered,82
POL000367,Received,79
POL000367,Rejected,1
POL000368,Ordered,189
POL000368,Received,185
POL000368,Rejected,1
POL000369,Ordered,218
POL000369,Received,216
POL000369,Rejected,3
POL000370,Ordered,507
POL000370,Received,507
POL000370,Rejected,9
POL000371,Ordered,185
POL000371,Received,185
POL000371,Rejected,3
POL000372,Ordered,250
POL000372,Received,246
POL000372,Rejected,1
POL000373,Ordered,90
POL000373,Received,90
POL000373,Rejected,0
POL000374,Ordered,27
POL000374,Received,26
POL000374,Rejected,0
POL000375,Ordered,143
POL000375,Received,143
POL000375,Rejected,0
POL000376,Ordered,166
POL000376,Received,162
POL000376,Rejected,1
POL000377,Ordered,431
POL000377,Received,411
POL000377,Rejected,1
POL000378,Ordered,578
POL000378,received,547
POL000378,Rejected,7
POL000379,Ordered,330
POL000379,Received,317
POL000379,Rejected,2
POL000380,Ordered,80
POL000380,Received,75
POL000380,Rejected,0
POL000381,Ordered,434
POL000381,Received,429
POL000381,Rejected,2
POL000382,Ordered,381
POL000382,Received,378
POL000382,Rejected,4
POL000383,Ordered,508
POL000383,Received,508
POL000383,Rejected,4
POL000384,Ordered,553
POL000384,Received,549
POL000384,Rejected,2
POL000385,Ordered,106
POL000385,Received,103
POL000385,Rejected,1
POL000386,Ordered,206
POL000386,Received,193
POL000386,Rejected,3
POL000387,Ordered,218
POL000387,Received,214
POL000387,Rejected,5
POL000388,Ordered,159
POL000388,Received,152
POL000388,Rejected,4
POL000389,Ordered,116
POL000389,Received,116
POL000389,Rejected,0
POL000390,Ordered,220
POL000390,Received,220
POL000390,Rejected,0
POL000391,Ordered,96
POL000391,Received,92
POL000391,Rejected,1
POL000392,Ordered,248
POL000392,Received,247
POL000392,Rejected,2
POL000393,Ordered,85
POL000393,Received,84
POL000393,Rejected,0
POL000394,Ordered,453
POL000394,Received,442
POL000394,Rejected,2
POL000395,Ordered,103
POL000395,Received,101
POL000395,Rejected,0
POL000396,Ordered,134
POL000396,Received,131
POL000396,Rejected,1
POL000397,Ordered,77
POL000397,Received,77
POL000397,Rejected,0
POL000398,Ordered,31
POL000398,Received,31
POL000398,Rejected,0
POL000399,Ordered,50
POL000399,Received,50
POL000399,Rejected,0
POL000400,Ordered,74
POL000400,Received,74
POL000400,Rejected,1
POL000401,Ordered,37
POL000401,Received,35
POL000401,Rejected,0
POL000402,Ordered,52
POL000402,Received,52
POL000402,Rejected,0
POL000403,Ordered,139
POL000403,Received,136
POL000403,Rejected,1
POL000404,Ordered,73
POL000404,Received,73
POL000404,Rejected,0
POL000405,Ordered,145
POL000405,Received,145
POL000405,Rejected,2
POL000406,Ordered,117
POL000406,Received,117
POL000406,Rejected,0
POL000407,Ordered,27
POL000407,Received,27
POL000407,Rejected,0
POL000408,Ordered,120
POL000408,Received,120
POL000408,Rejected,1
POL000409,Ordered,194
POL000409,Received,186
POL000409,Rejected,1
POL000410,Ordered,251
POL000410,Received,251
POL000410,Rejected,2
POL000411,Ordered,326
POL000411,Received,322
POL000411,Rejected,1
POL000412,Ordered,626
POL000412,Received,626
POL000412,Rejected,5
POL000413,Ordered,176
POL000413,Received,169
POL000413,Rejected,2
POL000414,Ordered,270
POL000414,Received,265
POL000414,Rejected,2
POL000415,Ordered,172
POL000415,Received,171
POL000415,Rejected,2
POL000416,Ordered,92
POL000416,Received,90
POL000416,Rejected,0
POL000417,Ordered,636
POL000417,Received,611
POL000417,Rejected,1
POL000418,Ordered,450
POL000418,Received,441
POL000418,Rejected,0
POL000419,Ordered,36
POL000419,Received,35
POL000419,Rejected,0
POL000420,Ordered,183
POL000420,Received,0
POL000420,Rejected,0
POL000421,Ordered,149
POL000421,Received,149
POL000421,Rejected,1
POL000422,Ordered,93
POL000422,Received,92
POL000422,Rejected,1
POL000423,Ordered,472
POL000423,Received,463
POL000423,Rejected,4
POL000424,Ordered,110
POL000424,Received,107
POL000424,Rejected,1
POL000425,Ordered,149
POL000425,Received,149
POL000425,Rejected,1
POL000426,Ordered,90
POL000426,Received,90
POL000426,Rejected,1
POL000427,Ordered,140
POL000427,Received,140
POL000427,Rejected,1
POL000428,Ordered,155
POL000428,Received,155
POL000428,Rejected,1
POL000429,Ordered,333
POL000429,Received,333
POL000429,Rejected,2
POL000430,Ordered,136
POL000430,Received,133
POL000430,Rejected,2
POL000431,Ordered,159
POL000431,Received,151
POL000431,Rejected,2
POL000432,Ordered,206
POL000432,Received,203
POL000432,Rejected,4
POL000433,Ordered,180
POL000433,Received,180
POL000433,Rejected,3
POL000434,Ordered,118
POL000434,Received,117
POL000434,Rejected,1
POL000435,Ordered,127
POL000435,Received,127
POL000435,Rejected,2
POL000436,Ordered,61
POL000436,Received,61
POL000436,Rejected,1
POL000437,Ordered,86
POL000437,Received,84
POL000437,Rejected,0
POL000438,Ordered,75
POL000438,Received,72
POL000438,Rejected,1
POL000439,Ordered,163
POL000439,Received,156
POL000439,Rejected,0
POL000440,Ordered,220
POL000440,Received,214
POL000440,Rejected,2
POL000441,Ordered,624
POL000441,Received,621
POL000441,Rejected,7
POL000442,Ordered,223
POL000442,Received,212
POL000442,Rejected,2
POL000443,Ordered,637
POL000443,Received,621
POL000443,Rejected,7
POL000444,Ordered,46
POL000444,Received,45
POL000444,Rejected,0
POL000445,Ordered,146
POL000445,Received,143
POL000445,Rejected,1
POL000446,Ordered,161
POL000446,Received,160
POL000446,Rejected,2
POL000447,Ordered,189
POL000447,Received,189
POL000447,Rejected,1
POL000448,Ordered,165
POL000448,Received,163
POL000448,Rejected,4
POL000449,Ordered,191
POL000449,Received,191
POL000449,Rejected,1
POL000450,Ordered,127
POL000450,Received,123
POL000450,Rejected,1
POL000451,Ordered,181
POL000451,Received,181
POL000451,Rejected,0
POL000452,Ordered,102
POL000452,Received,101
POL000452,Rejected,2
POL000453,Ordered,164
POL000453,Received,160
POL000453,Rejected,2
POL000454,Ordered,217
POL000454,Received,217
POL000454,Rejected,3
POL000455,Ordered,161
POL000455,Received,155
POL000455,Rejected,1
POL000456,Ordered,168
POL000456,Received,165
POL000456,Rejected,1
POL000457,Ordered,353
POL000457,Received,351
POL000457,Rejected,3
POL000458,Ordered,72
POL000458,Received,72
POL000458,Rejected,0
POL000459,Ordered,122
POL000459,Received,122
POL000459,Rejected,1
POL000460,Ordered,35
POL000460,Received,35
POL000460,Rejected,1
POL000461,Ordered,115
POL000461,Received,114
POL000461,Rejected,2
POL000462,Ordered,169
POL000462,Received,168
POL000462,Rejected,1
POL000463,Ordered,402
POL000463,Received,402
POL000463,Rejected,4
POL000464,Ordered,394
POL000464,Received,383
POL000464,Rejected,0
POL000465,Ordered,281
POL000465,Received,273
POL000465,Rejected,2
POL000466,Ordered,649
POL000466,Received,636
POL000466,Rejected,5
POL000467,Ordered,628
POL000467,Received,595
POL000467,Rejected,4
POL000468,Ordered,381
POL000468,Received,381
POL000468,Rejected,6
POL000469,Ordered,510
POL000469,Received,488
POL000469,Rejected,7
POL000470,Ordered,525
POL000470,Received,520
POL000470,Rejected,0
POL000471,Ordered,117
POL000471,Received,117
POL000471,Rejected,2
POL000472,Ordered,218
POL000472,Received,217
POL000472,Rejected,5
POL000473,Ordered,207
POL000473,Received,206
POL000473,Rejected,6
POL000474,Ordered,54
POL000474,Received,52
POL000474,Rejected,1
POL000475,Ordered,133
POL000475,Received,133
POL000475,Rejected,1
POL000476,Ordered,285
POL000476,Received,0
POL000476,Rejected,0
POL000477,Ordered,501
POL000477,Received,491
POL000477,Rejected,7
POL000478,Ordered,563
POL000478,Received,539
POL000478,Rejected,2
POL000479,Ordered,430
POL000479,Received,415
POL000479,Rejected,5
POL000480,Ordered,169
POL000480,Received,167
POL000480,Rejected,1
POL000481,Ordered,153
POL000481,Received,153
POL000481,Rejected,0
POL000482,Ordered,27
POL000482,Received,27
POL000482,Rejected,0
POL000483,Ordered,595
POL000483,Received,595
POL000483,Rejected,5
POL000484,Ordered,498
POL000484,Received,498
POL000484,Rejected,3
POL000485,Ordered,351
POL000485,Received,341
POL000485,Rejected,4
POL000486,Ordered,113
POL000486,Received,113
POL000486,Rejected,0
POL000487,Ordered,83
POL000487,Received,80
POL000487,Rejected,0
POL000488,Ordered,24
POL000488,Received,24
POL000488,Rejected,0
POL000489,Ordered,53
POL000489,Received,53
POL000489,Rejected,1
POL000490,Ordered,211
POL000490,Received,204
POL000490,Rejected,1
POL000491,Ordered,27
POL000491,Received,26
POL000491,Rejected,0
POL000492,Ordered,104
POL000492,Received,102
POL000492,Rejected,2
POL000493,Ordered,198
POL000493,Received,192
POL000493,Rejected,2
POL000494,Ordered,32
POL000494,Received,31
POL000494,Rejected,0
POL000495,Ordered,141
POL000495,Received,141
POL000495,Rejected,0
POL000496,Ordered,213
POL000496,Received,213
POL000496,Rejected,1
POL000497,Ordered,158
POL000497,Received,153
POL000497,Rejected,1
POL000498,Ordered,194
POL000498,Received,189
POL000498,Rejected,5
POL000499,Ordered,205
POL000499,Received,197
POL000499,Rejected,2
POL000500,Ordered,191
POL000500,Received,186
POL000500,Rejected,2
POL000501,Ordered,69
POL000501,Received,69
POL000501,Rejected,1
POL000502,Ordered,51
POL000502,Received,0
POL000502,Rejected,0
POL000503,Ordered,76
POL000503,Received,76
POL000503,Rejected,1
POL000504,Ordered,239
POL000504,Received,235
POL000504,Rejected,5
POL000505,Ordered,360
POL000505,Received,359
POL000505,Rejected,10
POL000506,Ordered,282
POL000506,Received,280
POL000506,Rejected,7
POL000507,Ordered,36
POL000507,Received,36
POL000507,Rejected,1
POL000508,Ordered,48
POL000508,Received,45
POL000508,Rejected,0
POL000509,Ordered,115
POL000509,Received,115
POL000509,Rejected,2
POL000510,Ordered,118
POL000510,Received,118
POL000510,Rejected,0
POL000511,Ordered,132
POL000511,received,129
POL000511,Rejected,1
POL000512,Ordered,19
POL000512,Received,19
POL000512,Rejected,0
POL000513,Ordered,164
POL000513,Received,164
POL000513,Rejected,0
POL000514,Ordered,259
POL000514,Received,241
POL000514,Rejected,2
POL000515,Ordered,155
POL000515,Received,146
POL000515,Rejected,2
POL000516,Ordered,250
POL000516,Received,244
POL000516,Rejected,0
POL000517,Ordered,482
POL000517,Received,457
POL000517,Rejected,6
POL000518,Ordered,110
POL000518,Received,110
POL000518,Rejected,0
POL000519,Ordered,312
POL000519,Received,305
POL000519,Rejected,1
POL000520,Ordered,167
POL000520,Received,165
POL000520,Rejected,0
POL000521,Ordered,406
POL000521,Received,382
POL000521,Rejected,1
POL000522,Ordered,299
POL000522,Received,280
POL000522,Rejected,1
POL000523,Ordered,611
POL000523,Received,594
POL000523,Rejected,10
POL000524,Ordered,132
POL000524,Received,132
POL000524,Rejected,2
POL000525,Ordered,143
POL000525,Received,140
POL000525,Rejected,0
POL000526,Ordered,81
POL000526,Received,78
POL000526,Rejected,1
POL000527,Ordered,276
POL000527,Received,276
POL000527,Rejected,4
POL000528,Ordered,541
POL000528,Received,0
POL000528,Rejected,0
POL000529,Ordered,613
POL000529,Received,586
POL000529,Rejected,5
POL000530,Ordered,567
POL000530,Received,567
POL000530,Rejected,1
POL000531,Ordered,266
POL000531,Received,255
POL000531,Rejected,2
POL000532,Ordered,307
POL000532,Received,301
POL000532,Rejected,3
POL000533,Ordered,567
POL000533,Received,559
POL000533,Rejected,6
POL000534,Ordered,294
POL000534,Received,285
POL000534,Rejected,2
POL000535,Ordered,637
POL000535,Received,637
POL000535,Rejected,8
POL000536,Ordered,53
POL000536,Received,53
POL000536,Rejected,0
POL000537,Ordered,155
POL000537,Received,148
POL000537,Rejected,1
POL000538,Ordered,90
POL000538,Received,89
POL000538,Rejected,0
POL000539,Ordered,162
POL000539,Received,153
POL000539,Rejected,1
POL000540,Ordered,528
POL000540,Received,528
POL000540,Rejected,4
POL000541,Ordered,192
POL000541,Received,188
POL000541,Rejected,2
POL000542,Ordered,109
POL000542,Received,105
POL000542,Rejected,1
POL000543,Ordered,178
POL000543,Received,178
POL000543,Rejected,1
POL000544,Ordered,261
POL000544,Received,253
POL000544,Rejected,3
POL000545,Ordered,222
POL000545,Received,216
POL000545,Rejected,1
POL000546,Ordered,608
POL000546,Received,580
POL000546,Rejected,4
POL000547,Ordered,13
POL000547,Received,13
POL000547,Rejected,0
POL000548,Ordered,33
POL000548,Received,32
POL000548,Rejected,0
POL000549,Ordered,187
POL000549,Received,187
POL000549,Rejected,2
POL000550,Ordered,473
POL000550,Received,467
POL000550,Rejected,3
POL000551,Ordered,99
POL000551,Received,99
POL000551,Rejected,1
POL000552,Ordered,138
POL000552,Received,0
POL000552,Rejected,0
POL000553,Ordered,300
POL000553,Received,282
POL000553,Rejected,4
POL000554,Ordered,633
POL000554,Received,624
POL000554,Rejected,1
POL000555,Ordered,124
POL000555,Received,123
POL000555,Rejected,0
POL000556,Ordered,449
POL000556,Received,440
POL000556,Rejected,2
POL000557,Ordered,511
POL000557,Received,504
POL000557,Rejected,7
POL000558,Ordered,255
POL000558,Received,253
POL000558,Rejected,3
POL000559,Ordered,13
POL000559,Received,12
POL000559,Rejected,0
POL000560,Ordered,206
POL000560,Received,202
POL000560,Rejected,1
POL000561,Ordered,42
POL000561,Received,41
POL000561,Rejected,1
POL000562,Ordered,84
POL000562,Received,84
POL000562,Rejected,2
POL000563,Ordered,116
POL000563,Received,113
POL000563,Rejected,2
POL000564,Ordered,574
POL000564,Received,552
POL000564,Rejected,3
POL000565,Ordered,240
POL000565,Received,237
POL000565,Rejected,2
POL000566,Ordered,541
POL000566,Received,514
POL000566,Rejected,3
POL000567,Ordered,104
POL000567,Received,102
POL000567,Rejected,1
POL000568,Ordered,605
POL000568,Received,605
POL000568,Rejected,5
POL000569,Ordered,264
POL000569,Received,261
POL000569,Rejected,2
POL000570,Ordered,82
POL000570,Received,82
POL000570,Rejected,0
POL000571,Ordered,149
POL000571,Received,143
POL000571,Rejected,1
POL000572,Ordered,317
POL000572,Received,304
POL000572,Rejected,4
POL000573,Ordered,456
POL000573,Received,456
POL000573,Rejected,5
POL000574,Ordered,105
POL000574,Received,105
POL000574,Rejected,1
POL000575,Ordered,174
POL000575,Received,173
POL000575,Rejected,2
POL000576,Ordered,546
POL000576,Received,543
POL000576,Rejected,5
POL000577,Ordered,196
POL000577,Received,190
POL000577,Rejected,0
POL000578,Ordered,191
POL000578,Received,191
POL000578,Rejected,1
POL000579,Ordered,181
POL000579,Received,181
POL000579,Rejected,3
POL000580,Ordered,73
POL000580,Received,73
POL000580,Rejected,1
POL000581,Ordered,104
POL000581,Received,104
POL000581,Rejected,1
POL000582,Ordered,140
POL000582,Received,140
POL000582,Rejected,2
POL000583,Ordered,102
POL000583,Received,101
POL000583,Rejected,0
POL000584,Ordered,45
POL000584,Received,44
POL000584,Rejected,0
POL000585,Ordered,172
POL000585,Received,172
POL000585,Rejected,0
POL000586,Ordered,218
POL000586,Received,207
POL000586,Rejected,2
POL000587,Ordered,17
POL000587,Received,17
POL000587,Rejected,0
POL000588,Ordered,39
POL000588,Received,38
POL000588,Rejected,0
POL000589,Ordered,121
POL000589,Received,121
POL000589,Rejected,1
POL000590,Ordered,194
POL000590,Received,192
POL000590,Rejected,1
POL000591,Ordered,455
POL000591,Received,455
POL000591,Rejected,3
POL000592,Ordered,137
POL000592,Received,133
POL000592,Rejected,1
POL000593,Ordered,212
POL000593,Received,202
POL000593,Rejected,2
POL000594,Ordered,648
POL000594,Received,648
POL000594,Rejected,10
POL000595,Ordered,404
POL000595,Received,388
POL000595,Rejected,2
POL000596,Ordered,95
POL000596,Received,92
POL000596,Rejected,0
POL000597,Ordered,123
POL000597,Received,123
POL000597,Rejected,3
POL000598,Ordered,132
POL000598,Received,132
POL000598,Rejected,2
POL000599,Ordered,595
POL000599,received,573
POL000599,Rejected,0
POL000600,Ordered,387
POL000600,Received,387
POL000600,Rejected,5
POL000601,Ordered,344
POL000601,Received,344
POL000601,Rejected,3
POL000602,Ordered,316
POL000602,Received,313
POL000602,Rejected,2
POL000603,Ordered,456
POL000603,Received,455
POL000603,Rejected,9
POL000604,Ordered,381
POL000604,Received,381
POL000604,Rejected,5
POL000605,Ordered,422
POL000605,Received,422
POL000605,Rejected,2
POL000606,Ordered,557
POL000606,Received,0
POL000606,Rejected,0
POL000607,Ordered,47
POL000607,Received,45
POL000607,Rejected,0
POL000608,Ordered,208
POL000608,Received,206
POL000608,Rejected,2
POL000609,Ordered,184
POL000609,Received,174
POL000609,Rejected,0
POL000610,Ordered,618
POL000610,Received,618
POL000610,Rejected,1
POL000611,Ordered,517
POL000611,Received,517
POL000611,Rejected,6
POL000612,Ordered,32
POL000612,Received,31
POL000612,Rejected,0
POL000613,Ordered,212
POL000613,Received,207
POL000613,Rejected,2
POL000614,Ordered,96
POL000614,Received,92
POL000614,Rejected,0
POL000615,Ordered,315
POL000615,Received,298
POL000615,Rejected,4
POL000616,Ordered,646
POL000616,Received,633
POL000616,Rejected,8
POL000617,Ordered,513
POL000617,Received,491
POL000617,Rejected,1
POL000618,Ordered,180
POL000618,Received,174
POL000618,Rejected,1
POL000619,Ordered,113
POL000619,Received,111
POL000619,Rejected,1
POL000620,Ordered,589
POL000620,Received,554
POL000620,Rejected,1
POL000621,Ordered,204
POL000621,Received,200
POL000621,Rejected,2
POL000622,Ordered,469
POL000622,Received,469
POL000622,Rejected,3
POL000623,Ordered,253
POL000623,Received,253
POL000623,Rejected,1
POL000624,Ordered,541
POL000624,Received,535
POL000624,Rejected,4
POL000625,Ordered,138
POL000625,Received,138
POL000625,Rejected,1
POL000626,Ordered,641
POL000626,Received,623
POL000626,Rejected,8
POL000627,Ordered,597
POL000627,Received,575
POL000627,Rejected,5
POL000628,Ordered,385
POL000628,Received,382
POL000628,Rejected,2
POL000629,Ordered,535
POL000629,Received,535
POL000629,Rejected,5
POL000630,Ordered,439
POL000630,Received,427
POL000630,Rejected,5
POL000631,Ordered,194
POL000631,Received,189
POL000631,Rejected,0
POL000632,Ordered,188
POL000632,Received,188
POL000632,Rejected,2
POL000633,Ordered,25
POL000633,Received,25
POL000633,Rejected,0
POL000634,Ordered,81
POL000634,Received,80
POL000634,Rejected,0
POL000635,Ordered,179
POL000635,Received,174
POL000635,Rejected,1
POL000636,Ordered,193
POL000636,Received,193
POL000636,Rejected,1
POL000637,Ordered,98
POL000637,Received,95
POL000637,Rejected,0
POL000638,Ordered,138
POL000638,Received,138
POL000638,Rejected,1
POL000639,Ordered,227
POL000639,Received,217
POL000639,Rejected,2
POL000640,Ordered,558
POL000640,Received,545
POL000640,Rejected,3
POL000641,Ordered,192
POL000641,Received,192
POL000641,Rejected,1
POL000642,Ordered,179
POL000642,Received,175
POL000642,Rejected,2
POL000643,Ordered,298
POL000643,Received,281
POL000643,Rejected,2
POL000644,Ordered,134
POL000644,Received,132
POL000644,Rejected,1
POL000645,Ordered,166
POL000645,Received,166
POL000645,Rejected,1
POL000646,Ordered,99
POL000646,Received,98
POL000646,Rejected,0
POL000647,Ordered,203
POL000647,Received,194
POL000647,Rejected,1
POL000648,Ordered,361
POL000648,Received,353
POL000648,Rejected,0
POL000649,Ordered,82
POL000649,Received,79
POL000649,Rejected,1
POL000650,Ordered,153
POL000650,Received,153
POL000650,Rejected,1
POL000651,Ordered,33
POL000651,Received,33
POL000651,Rejected,1
POL000652,Ordered,32
POL000652,Received,30
POL000652,Rejected,0
POL000653,Ordered,149
POL000653,Received,148
POL000653,Rejected,0
POL000654,Ordered,403
POL000654,Received,395
POL000654,Rejected,8
POL000655,Ordered,510
POL000655,Received,498
POL000655,Rejected,1
POL000656,Ordered,551
POL000656,Received,551
POL000656,Rejected,4
POL000657,Ordered,220
POL000657,Received,217
POL000657,Rejected,2
POL000658,Ordered,111
POL000658,Received,109
POL000658,Rejected,0
POL000659,Ordered,70
POL000659,Received,69
POL000659,Rejected,0
POL000660,Ordered,186
POL000660,Received,186
POL000660,Rejected,1
POL000661,Ordered,44
POL000661,Received,42
POL000661,Rejected,0
POL000662,Ordered,207
POL000662,Received,0
POL000662,Rejected,0
POL000663,Ordered,59
POL000663,Received,59
POL000663,Rejected,0
POL000664,Ordered,111
POL000664,Received,111
POL000664,rejected,1
POL000665,Ordered,68
POL000665,Received,67
POL000665,Rejected,1
POL000666,Ordered,163
POL000666,Received,158
POL000666,Rejected,1
POL000667,Ordered,93
POL000667,received,91
POL000667,Rejected,1
POL000668,Ordered,16
POL000668,Received,15
POL000668,Rejected,0
POL000669,Ordered,129
POL000669,Received,121
POL000669,Rejected,0
POL000670,Ordered,141
POL000670,Received,135
POL000670,Rejected,2
POL000671,Ordered,173
POL000671,Received,172
POL000671,Rejected,0
POL000672,Ordered,18
POL000672,Received,17
POL000672,Rejected,0
POL000673,Ordered,212
POL000673,Received,202
POL000673,Rejected,2
POL000674,Ordered,107
POL000674,Received,103
POL000674,Rejected,0
POL000675,Ordered,171
POL000675,Received,169
POL000675,Rejected,2
POL000676,Ordered,439
POL000676,Received,430
POL000676,Rejected,3
POL000677,Ordered,148
POL000677,Received,146
POL000677,Rejected,3
POL000678,Ordered,172
POL000678,Received,166
POL000678,Rejected,1
POL000679,Ordered,231
POL000679,Received,229
POL000679,Rejected,3
POL000680,Ordered,373
POL000680,Received,355
POL000680,Rejected,3
POL000681,Ordered,428
POL000681,Received,415
POL000681,Rejected,2
POL000682,Ordered,220
POL000682,Received,215
POL000682,Rejected,2
POL000683,Ordered,500
POL000683,Received,477
POL000683,Rejected,2
POL000684,Ordered,228
POL000684,Received,211
POL000684,Rejected,0
POL000685,Ordered,61
POL000685,Received,58
POL000685,Rejected,0
POL000686,Ordered,162
POL000686,Received,162
POL000686,Rejected,1
POL000687,Ordered,73
POL000687,Received,72
POL000687,Rejected,1
POL000688,Ordered,76
POL000688,Received,75
POL000688,Rejected,0
POL000689,Ordered,58
POL000689,Received,57
POL000689,Rejected,0
POL000690,Ordered,195
POL000690,Received,192
POL000690,Rejected,2
POL000691,Ordered,87
POL000691,Received,87
POL000691,Rejected,0
POL000692,Ordered,476
POL000692,Received,471
POL000692,Rejected,4
POL000693,Ordered,343
POL000693,Received,334
POL000693,Rejected,2
POL000694,Ordered,361
POL000694,Received,361
POL000694,Rejected,0
POL000695,Ordered,109
POL000695,Received,103
POL000695,Rejected,0
POL000696,Ordered,97
POL000696,Received,95
POL000696,Rejected,1
POL000697,Ordered,144
POL000697,Received,138
POL000697,Rejected,1
POL000698,Ordered,186
POL000698,Received,176
POL000698,Rejected,1
POL000699,Ordered,497
POL000699,Received,476
POL000699,Rejected,4
POL000700,Ordered,580
POL000700,Received,573
POL000700,Rejected,7
POL000701,Ordered,559
POL000701,Received,541
POL000701,Rejected,6
POL000702,Ordered,212
POL000702,Received,199
POL000702,Rejected,1
POL000703,Ordered,164
POL000703,Received,164
POL000703,Rejected,1
POL000704,Ordered,14
POL000704,Received,14
POL000704,Rejected,0
POL000705,Ordered,463
POL000705,Received,444
POL000705,Rejected,3
POL000706,Ordered,116
POL000706,Received,116
POL000706,Rejected,0
POL000707,Ordered,202
POL000707,Received,192
POL000707,Rejected,0
POL000708,Ordered,112
POL000708,Received,112
POL000708,Rejected,0
POL000709,Ordered,203
POL000709,Received,0
POL000709,Rejected,0
POL000710,Ordered,302
POL000710,Received,302
POL000710,Rejected,0
POL000711,Ordered,622
POL000711,Received,615
POL000711,Rejected,8
POL000712,Ordered,238
POL000712,Received,232
POL000712,Rejected,2
POL000713,Ordered,565
POL000713,Received,549
POL000713,Rejected,0
POL000714,Ordered,212
POL000714,Received,211
POL000714,Rejected,3
POL000715,Ordered,173
POL000715,Received,164
POL000715,Rejected,2
POL000716,Ordered,274
POL000716,Received,273
POL000716,Rejected,0
POL000717,Ordered,511
POL000717,Received,510
POL000717,Rejected,4
POL000718,Ordered,391
POL000718,Received,367
POL000718,Rejected,7
POL000719,Ordered,61
POL000719,Received,60
POL000719,Rejected,0
POL000720,Ordered,37
POL000720,Received,36
POL000720,Rejected,0
POL000721,Ordered,90
POL000721,Received,89
POL000721,Rejected,0
POL000722,Ordered,72
POL000722,Received,69
POL000722,Rejected,1
POL000723,Ordered,266
POL000723,Received,265
POL000723,Rejected,0
POL000724,Ordered,502
POL000724,Received,502
POL000724,Rejected,5
POL000725,Ordered,347
POL000725,Received,341
POL000725,Rejected,4
POL000726,Ordered,199
POL000726,Received,199
POL000726,Rejected,0
POL000727,Ordered,163
POL000727,Received,163
POL000727,rejected,2
POL000728,Ordered,151
POL000728,Received,150
POL000728,rejected,1
POL000729,Ordered,117
POL000729,Received,117
POL000729,Rejected,1
POL000730,Ordered,556
POL000730,received,547
POL000730,Rejected,6
POL000731,Ordered,450
POL000731,Received,442
POL000731,Rejected,6
POL000732,Ordered,347
POL000732,Received,338
POL000732,Rejected,5
POL000733,Ordered,74
POL000733,Received,73
POL000733,Rejected,1
POL000734,Ordered,202
POL000734,Received,191
POL000734,Rejected,1
POL000735,Ordered,219
POL000735,Received,219
POL000735,Rejected,2
POL000736,Ordered,39
POL000736,Received,39
POL000736,Rejected,0
POL000737,Ordered,150
POL000737,Received,144
POL000737,Rejected,1
POL000738,Ordered,194
POL000738,Received,193
POL000738,Rejected,1
POL000739,Ordered,125
POL000739,Received,124
POL000739,Rejected,2
POL000740,Ordered,206
POL000740,Received,206
POL000740,Rejected,2
POL000741,Ordered,215
POL000741,Received,215
POL000741,Rejected,1
POL000742,Ordered,62
POL000742,Received,62
POL000742,Rejected,0
POL000743,Ordered,588
POL000743,Received,577
POL000743,Rejected,3
POL000744,Ordered,578
POL000744,Received,578
POL000744,Rejected,11
POL000745,Ordered,118
POL000745,Received,115
POL000745,Rejected,1
POL000746,Ordered,82
POL000746,Received,77
POL000746,Rejected,0
POL000747,Ordered,445
POL000747,Received,437
POL000747,Rejected,4
POL000748,Ordered,451
POL000748,Received,446
POL000748,Rejected,3
POL000749,Ordered,103
POL000749,Received,102
POL000749,Rejected,0
POL000750,Ordered,247
POL000750,Received,230
POL000750,Rejected,2
POL000751,Ordered,222
POL000751,Received,222
POL000751,Rejected,5
POL000752,Ordered,255
POL000752,Received,255
POL000752,Rejected,0
POL000753,Ordered,306
POL000753,Received,306
POL000753,Rejected,5
POL000754,Ordered,256
POL000754,Received,248
POL000754,Rejected,4
POL000755,Ordered,610
POL000755,Received,585
POL000755,Rejected,3
POL000756,Ordered,194
POL000756,Received,194
POL000756,Rejected,2
POL000757,Ordered,180
POL000757,Received,180
POL000757,Rejected,0
POL000758,Ordered,283
POL000758,Received,277
POL000758,Rejected,3
POL000759,Ordered,199
POL000759,Received,199
POL000759,Rejected,0
POL000760,Ordered,501
POL000760,Received,493
POL000760,Rejected,4
POL000761,Ordered,553
POL000761,Received,553
POL000761,Rejected,4
POL000762,Ordered,563
POL000762,Received,561
POL000762,Rejected,16
POL000763,Ordered,629
POL000763,Received,629
POL000763,Rejected,11
POL000764,Ordered,189
POL000764,Received,189
POL000764,Rejected,1
POL000765,Ordered,126
POL000765,Received,123
POL000765,Rejected,1
POL000766,Ordered,532
POL000766,Received,512
POL000766,Rejected,6
POL000767,Ordered,379
POL000767,Received,349
POL000767,Rejected,2
POL000768,Ordered,134
POL000768,Received,132
POL000768,Rejected,1
POL000769,Ordered,49
POL000769,Received,48
POL000769,Rejected,1
POL000770,Ordered,95
POL000770,Received,92
POL000770,Rejected,0
POL000771,Ordered,156
POL000771,Received,151
POL000771,Rejected,2
POL000772,Ordered,501
POL000772,Received,501
POL000772,Rejected,6
POL000773,Ordered,571
POL000773,Received,553
POL000773,Rejected,0
POL000774,Ordered,130
POL000774,Received,129
POL000774,Rejected,1
POL000775,Ordered,414
POL000775,Received,411
POL000775,Rejected,4
POL000776,Ordered,418
POL000776,Received,414
POL000776,Rejected,1
POL000777,Ordered,614
POL000777,Received,614
POL000777,Rejected,8
POL000778,Ordered,93
POL000778,Received,90
POL000778,Rejected,0
POL000779,Ordered,162
POL000779,Received,156
POL000779,Rejected,2
POL000780,Ordered,154
POL000780,Received,149
POL000780,Rejected,0
POL000781,Ordered,485
POL000781,Received,481
POL000781,Rejected,5
POL000782,Ordered,617
POL000782,Received,617
POL000782,Rejected,6
POL000783,Ordered,152
POL000783,Received,152
POL000783,Rejected,2
POL000784,Ordered,161
POL000784,Received,161
POL000784,Rejected,2
POL000785,Ordered,90
POL000785,Received,90
POL000785,Rejected,1
POL000786,Ordered,150
POL000786,Received,143
POL000786,Rejected,0
POL000787,Ordered,120
POL000787,Received,114
POL000787,Rejected,1
POL000788,Ordered,178
POL000788,Received,178
POL000788,Rejected,1
POL000789,Ordered,176
POL000789,Received,173
POL000789,Rejected,0
POL000790,Ordered,437
POL000790,received,432
POL000790,Rejected,0
POL000791,Ordered,328
POL000791,Received,322
POL000791,Rejected,2
POL000792,Ordered,83
POL000792,Received,80
POL000792,Rejected,0
POL000793,Ordered,102
POL000793,Received,102
POL000793,Rejected,1
POL000794,Ordered,59
POL000794,Received,58
POL000794,Rejected,1
POL000795,Ordered,99
POL000795,Received,98
POL000795,Rejected,0
POL000796,Ordered,249
POL000796,Received,238
POL000796,rejected,7
POL000797,Ordered,371
POL000797,Received,364
POL000797,Rejected,7
POL000798,Ordered,71
POL000798,Received,68
POL000798,Rejected,1
POL000799,Ordered,116
POL000799,Received,113
POL000799,Rejected,1
POL000800,Ordered,175
POL000800,Received,164
POL000800,Rejected,0
POL000801,Ordered,16
POL000801,Received,16
POL000801,Rejected,0
POL000802,Ordered,80
POL000802,Received,80
POL000802,Rejected,1
POL000803,Ordered,145
POL000803,Received,142
POL000803,Rejected,1
POL000804,Ordered,83
POL000804,received,80
POL000804,Rejected,1
POL000805,ordered,59
POL000805,Received,57
POL000805,Rejected,0
POL000806,Ordered,191
POL000806,Received,183
POL000806,Rejected,2
POL000807,Ordered,143
POL000807,Received,142
POL000807,Rejected,0
POL000808,Ordered,25
POL000808,Received,24
POL000808,Rejected,0
POL000809,Ordered,86
POL000809,Received,86
POL000809,Rejected,1
POL000810,Ordered,177
POL000810,Received,177
POL000810,Rejected,0
POL000811,Ordered,187
POL000811,Received,173
POL000811,Rejected,1
POL000812,Ordered,44
POL000812,Received,42
POL000812,Rejected,0
POL000813,Ordered,80
POL000813,Received,80
POL000813,Rejected,1
POL000814,ordered,38
POL000814,Received,38
POL000814,Rejected,0
POL000815,Ordered,97
POL000815,Received,97
POL000815,Rejected,1
POL000816,Ordered,124
POL000816,Received,124
POL000816,Rejected,0
POL000817,Ordered,212
POL000817,Received,203
POL000817,Rejected,0
POL000818,Ordered,389
POL000818,Received,372
POL000818,Rejected,1
POL000819,Ordered,185
POL000819,Received,185
POL000819,Rejected,0
POL000820,Ordered,139
POL000820,Received,138
POL000820,Rejected,0
POL000821,Ordered,118
POL000821,Received,114
POL000821,rejected,1
POL000822,Ordered,152
POL000822,Received,149
POL000822,Rejected,0
POL000823,Ordered,106
POL000823,Received,104
POL000823,Rejected,1
POL000824,Ordered,428
POL000824,Received,399
POL000824,Rejected,5
POL000825,Ordered,503
POL000825,Received,499
POL000825,Rejected,6
POL000826,Ordered,490
POL000826,Received,487
POL000826,Rejected,1
POL000827,Ordered,129
POL000827,Received,121
POL000827,Rejected,1
POL000828,Ordered,216
POL000828,Received,216
POL000828,Rejected,0
POL000829,Ordered,117
POL000829,Received,115
POL000829,Rejected,1
POL000830,Ordered,185
POL000830,Received,185
POL000830,Rejected,1
POL000831,Ordered,186
POL000831,Received,184
POL000831,Rejected,1
POL000832,Ordered,148
POL000832,Received,142
POL000832,Rejected,0
POL000833,Ordered,357
POL000833,Received,354
POL000833,Rejected,3
POL000834,Ordered,455
POL000834,Received,445
POL000834,Rejected,1
POL000835,Ordered,203
POL000835,Received,195
POL000835,Rejected,2
POL000836,Ordered,134
POL000836,Received,134
POL000836,Rejected,1
POL000837,Ordered,40
POL000837,Received,40
POL000837,Rejected,0
POL000838,Ordered,105
POL000838,Received,102
POL000838,Rejected,1
POL000839,Ordered,36
POL000839,Received,35
POL000839,Rejected,0
POL000840,Ordered,97
POL000840,Received,95
POL000840,Rejected,1
POL000841,Ordered,127
POL000841,Received,127
POL000841,Rejected,0
POL000842,Ordered,121
POL000842,Received,121
POL000842,Rejected,0
POL000843,Ordered,69
POL000843,Received,69
POL000843,Rejected,1
POL000844,Ordered,94
POL000844,Received,92
POL000844,Rejected,1
POL000845,Ordered,250
POL000845,Received,250
POL000845,Rejected,0
POL000846,Ordered,601
POL000846,Received,573
POL000846,Rejected,7
POL000847,Ordered,343
POL000847,Received,343
POL000847,Rejected,3
POL000848,Ordered,435
POL000848,Received,418
POL000848,Rejected,3
POL000849,Ordered,580
POL000849,Received,580
POL000849,Rejected,3
POL000850,Ordered,463
POL000850,Received,0
POL000850,Rejected,0
POL000851,Ordered,650
POL000851,Received,630
POL000851,Rejected,2
POL000852,Ordered,42
POL000852,Received,0
POL000852,Rejected,0
POL000853,Ordered,95
POL000853,Received,95
POL000853,Rejected,3
POL000854,Ordered,60
POL000854,Received,56
POL000854,Rejected,1
POL000855,Ordered,194
POL000855,Received,194
POL000855,Rejected,4
POL000856,Ordered,35
POL000856,Received,35
POL000856,Rejected,1
POL000857,Ordered,146
POL000857,Received,140
POL000857,Rejected,1
POL000858,Ordered,128
POL000858,Received,127
POL000858,Rejected,0
POL000859,Ordered,77
POL000859,Received,74
POL000859,Rejected,0
POL000860,Ordered,495
POL000860,Received,485
POL000860,Rejected,1
POL000861,Ordered,512
POL000861,Received,495
POL000861,Rejected,7
POL000862,Ordered,280
POL000862,Received,280
POL000862,Rejected,2
POL000863,Ordered,33
POL000863,Received,32
POL000863,Rejected,0
POL000864,Ordered,88
POL000864,Received,85
POL000864,Rejected,1
POL000865,Ordered,218
POL000865,Received,217
POL000865,Rejected,2
POL000866,Ordered,121
POL000866,Received,116
POL000866,Rejected,1
POL000867,Ordered,137
POL000867,Received,137
POL000867,Rejected,0
POL000868,Ordered,99
POL000868,Received,99
POL000868,Rejected,1
POL000869,Ordered,92
POL000869,Received,88
POL000869,Rejected,0
POL000870,Ordered,160
POL000870,Received,0
POL000870,Rejected,0
POL000871,Ordered,550
POL000871,Received,548
POL000871,Rejected,7
POL000872,Ordered,633
POL000872,Received,630
POL000872,Rejected,1
POL000873,Ordered,410
POL000873,Received,402
POL000873,Rejected,1
POL000874,Ordered,177
POL000874,Received,177
POL000874,Rejected,1
POL000875,Ordered,444
POL000875,Received,440
POL000875,Rejected,5
POL000876,Ordered,134
POL000876,Received,134
POL000876,Rejected,1
POL000877,Ordered,159
POL000877,Received,154
POL000877,Rejected,0
POL000878,Ordered,219
POL000878,Received,210
POL000878,Rejected,0
POL000879,Ordered,187
POL000879,Received,180
POL000879,Rejected,0
POL000880,Ordered,203
POL000880,Received,202
POL000880,Rejected,2
POL000881,Ordered,324
POL000881,Received,321
POL000881,Rejected,3
POL000882,Ordered,434
POL000882,Received,434
POL000882,Rejected,3
POL000883,Ordered,131
POL000883,Received,127
POL000883,Rejected,2
POL000884,Ordered,201
POL000884,Received,197
POL000884,Rejected,2
POL000885,Ordered,193
POL000885,Received,183
POL000885,Rejected,1
POL000886,Ordered,210
POL000886,Received,210
POL000886,Rejected,2
POL000887,Ordered,63
POL000887,Received,61
POL000887,Rejected,1
POL000888,Ordered,26
POL000888,Received,26
POL000888,Rejected,1
POL000889,Ordered,141
POL000889,Received,139
POL000889,Rejected,4
POL000890,Ordered,168
POL000890,Received,168
POL000890,Rejected,2
POL000891,Ordered,216
POL000891,Received,216
POL000891,Rejected,1
POL000892,Ordered,197
POL000892,Received,197
POL000892,Rejected,1
POL000893,Ordered,169
POL000893,Received,167
POL000893,Rejected,0
POL000894,Ordered,163
POL000894,Received,160
POL000894,Rejected,0
POL000895,Ordered,216
POL000895,Received,204
POL000895,Rejected,2
POL000896,Ordered,210
POL000896,Received,207
POL000896,Rejected,0
POL000897,Ordered,223
POL000897,Received,217
POL000897,Rejected,1
POL000898,Ordered,407
POL000898,Received,407
POL000898,Rejected,4
POL000899,Ordered,582
POL000899,Received,582
POL000899,Rejected,3
POL000900,Ordered,505
POL000900,Received,493
POL000900,Rejected,4
POL000901,Ordered,148
POL000901,Received,145
POL000901,Rejected,1
POL000902,Ordered,64
POL000902,Received,64
POL000902,Rejected,0
POL000903,Ordered,91
POL000903,Received,0
POL000903,Rejected,0
POL000904,Ordered,216
POL000904,Received,216
POL000904,Rejected,0
POL000905,Ordered,505
POL000905,Received,477
POL000905,Rejected,4
POL000906,Ordered,550
POL000906,Received,550
POL000906,Rejected,6
POL000907,Ordered,154
POL000907,Received,152
POL000907,Rejected,2
POL000908,Ordered,170
POL000908,Received,170
POL000908,rejected,2
POL000909,Ordered,106
POL000909,Received,101
POL000909,Rejected,1
POL000910,Ordered,107
POL000910,Received,107
POL000910,Rejected,2
POL000911,Ordered,161
POL000911,Received,156
POL000911,Rejected,0
POL000912,Ordered,263
POL000912,Received,258
POL000912,Rejected,0
POL000913,Ordered,326
POL000913,Received,316
POL000913,Rejected,1
POL000914,Ordered,274
POL000914,Received,274
POL000914,Rejected,0
POL000915,Ordered,534
POL000915,Received,529
POL000915,Rejected,1
POL000916,Ordered,337
POL000916,Received,329
POL000916,Rejected,5
POL000917,Ordered,88
POL000917,Received,82
POL000917,Rejected,1
POL000918,Ordered,413
POL000918,Received,406
POL000918,Rejected,1
POL000919,Ordered,205
POL000919,Received,205
POL000919,Rejected,1
POL000920,ordered,214
POL000920,Received,214
POL000920,Rejected,1
POL000921,Ordered,62
POL000921,Received,62
POL000921,Rejected,0
POL000922,Ordered,76
POL000922,Received,76
POL000922,Rejected,0
POL000923,Ordered,79
POL000923,Received,79
POL000923,Rejected,1
POL000924,Ordered,134
POL000924,Received,131
POL000924,Rejected,0
POL000925,Ordered,373
POL000925,Received,369
POL000925,Rejected,1
POL000926,Ordered,112
POL000926,Received,109
POL000926,Rejected,1
POL000927,Ordered,183
POL000927,Received,182
POL000927,Rejected,0
POL000928,ordered,79
POL000928,Received,77
POL000928,Rejected,2
POL000929,Ordered,87
POL000929,Received,87
POL000929,Rejected,2
POL000930,Ordered,92
POL000930,Received,91
POL000930,Rejected,0
POL000931,Ordered,118
POL000931,Received,116
POL000931,Rejected,1
POL000932,Ordered,405
POL000932,Received,389
POL000932,Rejected,3
POL000933,Ordered,624
POL000933,Received,622
POL000933,Rejected,8
POL000934,Ordered,506
POL000934,Received,492
POL000934,Rejected,9
POL000935,Ordered,44
POL000935,Received,44
POL000935,Rejected,0
POL000936,Ordered,94
POL000936,Received,93
POL000936,Rejected,1
POL000937,Ordered,199
POL000937,Received,195
POL000937,Rejected,2
POL000938,Ordered,51
POL000938,Received,51
POL000938,Rejected,0
POL000939,Ordered,59
POL000939,Received,58
POL000939,Rejected,0
POL000940,Ordered,121
POL000940,Received,121
POL000940,Rejected,0
POL000941,Ordered,11
POL000941,Received,10
POL000941,Rejected,0
POL000942,Ordered,79
POL000942,Received,79
POL000942,Rejected,1
POL000943,Ordered,117
POL000943,Received,117
POL000943,Rejected,2
POL000944,Ordered,122
POL000944,Received,121
POL000944,Rejected,1
POL000945,Ordered,419
POL000945,Received,419
POL000945,Rejected,4
POL000946,Ordered,483
POL000946,Received,475
POL000946,Rejected,3
POL000947,Ordered,422
POL000947,Received,416
POL000947,Rejected,3
POL000948,Ordered,245
POL000948,Received,238
POL000948,Rejected,4
POL000949,Ordered,523
POL000949,Received,509
POL000949,Rejected,2
POL000950,Ordered,131
POL000950,Received,129
POL000950,Rejected,1
POL000951,Ordered,219
POL000951,Received,219
POL000951,Rejected,3
POL000952,Ordered,113
POL000952,Received,113
POL000952,Rejected,2
POL000953,Ordered,116
POL000953,Received,116
POL000953,Rejected,1
POL000954,Ordered,82
POL000954,Received,79
POL000954,Rejected,0
POL000955,Ordered,112
POL000955,Received,106
POL000955,Rejected,1
POL000956,Ordered,107
POL000956,Received,98
POL000956,Rejected,1
POL000957,Ordered,136
POL000957,Received,133
POL000957,Rejected,0
POL000958,Ordered,318
POL000958,Received,306
POL000958,Rejected,3
POL000959,Ordered,488
POL000959,Received,474
POL000959,Rejected,7
POL000960,Ordered,80
POL000960,Received,76
POL000960,Rejected,0
POL000961,Ordered,139
POL000961,Received,139
POL000961,Rejected,1
POL000962,Ordered,236
POL000962,Received,231
POL000962,Rejected,7
POL000963,Ordered,277
POL000963,Received,261
POL000963,Rejected,5
POL000964,Ordered,340
POL000964,Received,340
POL000964,Rejected,1
POL000965,Ordered,442
POL000965,Received,442
POL000965,Rejected,10
POL000966,Ordered,123
POL000966,Received,121
POL000966,Rejected,1
POL000967,Ordered,219
POL000967,Received,218
POL000967,Rejected,0
POL000968,Ordered,445
POL000968,Received,438
POL000968,Rejected,4
POL000969,Ordered,419
POL000969,Received,409
POL000969,Rejected,4
POL000970,Ordered,530
POL000970,Received,530
POL000970,Rejected,2
POL000971,Ordered,142
POL000971,Received,142
POL000971,Rejected,1
POL000972,Ordered,191
POL000972,Received,185
POL000972,Rejected,3
POL000973,Ordered,205
POL000973,Received,189
POL000973,Rejected,1
POL000974,Ordered,200
POL000974,Received,199
POL000974,Rejected,1
POL000975,Ordered,52
POL000975,Received,51
POL000975,Rejected,1
POL000976,Ordered,24
POL000976,Received,23
POL000976,Rejected,0
POL000977,Ordered,37
POL000977,Received,37
POL000977,Rejected,0
POL000978,Ordered,191
POL000978,Received,184
POL000978,Rejected,2
POL000979,Ordered,81
POL000979,Received,79
POL000979,Rejected,1
POL000980,Ordered,95
POL000980,Received,94
POL000980,Rejected,1
POL000981,Ordered,576
POL000981,Received,563
POL000981,Rejected,4
POL000982,Ordered,423
POL000982,Received,417
POL000982,Rejected,3
POL000983,Ordered,87
POL000983,Received,87
POL000983,Rejected,0
POL000984,Ordered,153
POL000984,Received,149
POL000984,Rejected,2
POL000985,Ordered,180
POL000985,Received,180
POL000985,Rejected,1
POL000986,Ordered,129
POL000986,Received,129
POL000986,Rejected,1
POL000987,Ordered,118
POL000987,Received,118
POL000987,Rejected,0
POL000988,Ordered,93
POL000988,Received,87
POL000988,Rejected,1
POL000989,Ordered,449
POL000989,Received,430
POL000989,Rejected,2
POL000990,Ordered,253
POL000990,Received,249
POL000990,Rejected,3
POL000991,Ordered,306
POL000991,Received,299
POL000991,Rejected,2
POL000992,Ordered,385
POL000992,Received,385
POL000992,Rejected,4
POL000993,Ordered,253
POL000993,Received,252
POL000993,Rejected,1
POL000994,Ordered,539
POL000994,Received,529
POL000994,Rejected,3
POL000995,Ordered,146
POL000995,Received,143
POL000995,Rejected,1
POL000996,Ordered,275
POL000996,Received,272
POL000996,Rejected,3
POL000997,Ordered,527
POL000997,Received,521
POL000997,Rejected,5
POL000998,Ordered,69
POL000998,Received,69
POL000998,Rejected,1
POL000999,Ordered,185
POL000999,Received,179
POL000999,Rejected,4
POL001000,Ordered,142
POL001000,Received,142
POL001000,Rejected,2
POL001001,Ordered,28
POL001001,Received,28
POL001001,Rejected,0
POL001002,Ordered,189
POL001002,Received,175
POL001002,Rejected,2
POL001003,Ordered,182
POL001003,Received,166
POL001003,Rejected,1
POL001004,Ordered,531
POL001004,Received,531
POL001004,Rejected,2
POL001005,Ordered,490
POL001005,Received,479
POL001005,Rejected,5
POL001006,Ordered,438
POL001006,Received,437
POL001006,Rejected,5
POL001007,Ordered,405
POL001007,Received,398
POL001007,Rejected,0
POL001008,Ordered,628
POL001008,Received,594
POL001008,Rejected,7
POL001009,Ordered,81
POL001009,Received,79
POL001009,Rejected,1
POL001010,Ordered,207
POL001010,Received,207
POL001010,Rejected,3
POL001011,Ordered,201
POL001011,Received,199
POL001011,Rejected,2
POL001012,Ordered,116
POL001012,Received,115
POL001012,Rejected,1
POL001013,Ordered,113
POL001013,Received,113
POL001013,Rejected,1
POL001014,Ordered,139
POL001014,Received,139
POL001014,Rejected,1
POL001015,ordered,63
POL001015,Received,62
POL001015,Rejected,1
POL001016,Ordered,194
POL001016,Received,194
POL001016,Rejected,2
POL001017,Ordered,195
POL001017,Received,194
POL001017,Rejected,3
POL001018,Ordered,150
POL001018,Received,149
POL001018,Rejected,2
POL001019,Ordered,64
POL001019,Received,63
POL001019,Rejected,0
POL001020,Ordered,307
POL001020,Received,307
POL001020,Rejected,4
POL001021,Ordered,107
POL001021,Received,107
POL001021,Rejected,1
POL001022,Ordered,243
POL001022,Received,230
POL001022,Rejected,2
POL001023,Ordered,229
POL001023,Received,227
POL001023,Rejected,1
POL001024,Ordered,161
POL001024,Received,159
POL001024,Rejected,0
POL001025,Ordered,42
POL001025,Received,41
POL001025,Rejected,0
POL001026,Ordered,150
POL001026,Received,140
POL001026,Rejected,1
POL001027,Ordered,124
POL001027,received,120
POL001027,Rejected,1
POL001028,Ordered,35
POL001028,Received,35
POL001028,Rejected,1
POL001029,Ordered,101
POL001029,Received,100
POL001029,Rejected,1
POL001030,Ordered,574
POL001030,Received,574
POL001030,Rejected,18
POL001031,Ordered,650
POL001031,Received,631
POL001031,Rejected,9
POL001032,Ordered,98
POL001032,Received,95
POL001032,Rejected,1
POL001033,Ordered,344
POL001033,Received,344
POL001033,Rejected,1
POL001034,Ordered,330
POL001034,Received,320
POL001034,Rejected,1
POL001035,Ordered,225
POL001035,Received,223
POL001035,Rejected,2
POL001036,Ordered,212
POL001036,Received,200
POL001036,Rejected,1
POL001037,Ordered,44
POL001037,Received,44
POL001037,Rejected,1
POL001038,Ordered,498
POL001038,Received,477
POL001038,Rejected,12
POL001039,Ordered,386
POL001039,Received,367
POL001039,Rejected,5
POL001040,Ordered,430
POL001040,Received,407
POL001040,Rejected,10
POL001041,Ordered,422
POL001041,Received,407
POL001041,Rejected,9
POL001042,Ordered,304
POL001042,Received,302
POL001042,Rejected,1
POL001043,Ordered,560
POL001043,Received,555
POL001043,Rejected,4
POL001044,Ordered,422
POL001044,Received,420
POL001044,Rejected,2
POL001045,Ordered,336
POL001045,Received,330
POL001045,Rejected,4
POL001046,Ordered,591
POL001046,Received,591
POL001046,Rejected,1
POL001047,Ordered,619
POL001047,Received,612
POL001047,Rejected,3
POL001048,Ordered,57
POL001048,Received,55
POL001048,Rejected,0
POL001049,Ordered,193
POL001049,Received,187
POL001049,Rejected,0
POL001050,Ordered,166
POL001050,Received,0
POL001050,Rejected,0
POL001051,Ordered,132
POL001051,Received,130
POL001051,Rejected,1
POL001052,Ordered,114
POL001052,Received,111
POL001052,Rejected,0
POL001053,Ordered,203
POL001053,Received,193
POL001053,Rejected,0
POL001054,Ordered,278
POL001054,Received,257
POL001054,Rejected,3
POL001055,Ordered,253
POL001055,Received,249
POL001055,Rejected,3
POL001056,Ordered,117
POL001056,Received,117
POL001056,Rejected,1
POL001057,Ordered,66
POL001057,Received,64
POL001057,Rejected,1
POL001058,Ordered,78
POL001058,Received,76
POL001058,Rejected,0
POL001059,Ordered,125
POL001059,Received,125
POL001059,Rejected,0
POL001060,Ordered,101
POL001060,Received,93
POL001060,Rejected,0
POL001061,Ordered,153
POL001061,Received,153
POL001061,Rejected,1
POL001062,Ordered,164
POL001062,Received,164
POL001062,Rejected,1
POL001063,Ordered,422
POL001063,Received,410
POL001063,Rejected,4
POL001064,Ordered,198
POL001064,Received,198
POL001064,Rejected,2
POL001065,Ordered,105
POL001065,Received,99
POL001065,Rejected,1
POL001066,Ordered,140
POL001066,Received,137
POL001066,Rejected,2
POL001067,Ordered,154
POL001067,Received,148
POL001067,Rejected,1
POL001068,Ordered,213
POL001068,Received,213
POL001068,Rejected,1
POL001069,Ordered,170
POL001069,Received,170
POL001069,Rejected,1
POL001070,Ordered,133
POL001070,Received,132
POL001070,Rejected,1
POL001071,Ordered,218
POL001071,Received,211
POL001071,Rejected,2
POL001072,Ordered,96
POL001072,Received,95
POL001072,Rejected,1
POL001073,Ordered,29
POL001073,Received,28
POL001073,Rejected,0
POL001074,Ordered,147
POL001074,Received,141
POL001074,Rejected,2
POL001075,Ordered,193
POL001075,Received,192
POL001075,Rejected,1
POL001076,Ordered,147
POL001076,Received,142
POL001076,Rejected,1
POL001077,Ordered,125
POL001077,Received,124
POL001077,Rejected,1
POL001078,Ordered,196
POL001078,Received,190
POL001078,Rejected,2
POL001079,Ordered,82
POL001079,Received,82
POL001079,Rejected,1
POL001080,Ordered,16
POL001080,Received,16
POL001080,Rejected,0
POL001081,Ordered,164
POL001081,Received,164
POL001081,Rejected,0
POL001082,Ordered,63
POL001082,Received,61
POL001082,Rejected,0
POL001083,Ordered,182
POL001083,Received,173
POL001083,Rejected,5
POL001084,Ordered,163
POL001084,Received,0
POL001084,Rejected,0
POL001085,Ordered,104
POL001085,Received,104
POL001085,Rejected,1
POL001086,Ordered,337
POL001086,Received,327
POL001086,Rejected,2
POL001087,Ordered,317
POL001087,Received,310
POL001087,Rejected,0
POL001088,Ordered,358
POL001088,Received,353
POL001088,Rejected,4
POL001089,Ordered,571
POL001089,Received,550
POL001089,Rejected,5
POL001090,Ordered,573
POL001090,Received,566
POL001090,Rejected,6
POL001091,Ordered,211
POL001091,Received,202
POL001091,Rejected,1
POL001092,Ordered,85
POL001092,Received,84
POL001092,Rejected,0
POL001093,Ordered,92
POL001093,Received,92
POL001093,Rejected,1
POL001094,Ordered,168
POL001094,Received,163
POL001094,Rejected,2
POL001095,Ordered,139
POL001095,Received,138
POL001095,Rejected,1
POL001096,Ordered,500
POL001096,Received,498
POL001096,Rejected,5
POL001097,Ordered,95
POL001097,Received,91
POL001097,Rejected,1
POL001098,Ordered,196
POL001098,Received,190
POL001098,Rejected,1
POL001099,Ordered,127
POL001099,Received,122
POL001099,Rejected,1
POL001100,Ordered,89
POL001100,Received,89
POL001100,Rejected,1
POL001101,Ordered,135
POL001101,Received,131
POL001101,Rejected,1
POL001102,Ordered,190
POL001102,Received,190
POL001102,Rejected,2
POL001103,Ordered,214
POL001103,Received,214
POL001103,Rejected,3
POL001104,Ordered,186
POL001104,Received,181
POL001104,Rejected,0
POL001105,Ordered,165
POL001105,Received,160
POL001105,Rejected,1
POL001106,Ordered,611
POL001106,Received,611
POL001106,Rejected,4
POL001107,Ordered,567
POL001107,Received,567
POL001107,Rejected,1
POL001108,Ordered,81
POL001108,Received,80
POL001108,Rejected,1
POL001109,Ordered,218
POL001109,Received,218
POL001109,Rejected,1
POL001110,Ordered,55
POL001110,Received,55
POL001110,Rejected,1
POL001111,Ordered,159
POL001111,Received,159
POL001111,Rejected,3
POL001112,Ordered,124
POL001112,Received,120
POL001112,Rejected,2
POL001113,Ordered,14
POL001113,Received,14
POL001113,Rejected,0
POL001114,Ordered,70
POL001114,received,69
POL001114,Rejected,0
POL001115,Ordered,178
POL001115,Received,176
POL001115,Rejected,0
POL001116,Ordered,154
POL001116,Received,153
POL001116,Rejected,2
POL001117,Ordered,208
POL001117,Received,207
POL001117,Rejected,2
POL001118,Ordered,457
POL001118,Received,453
POL001118,Rejected,1
POL001119,Ordered,217
POL001119,Received,217
POL001119,Rejected,3
POL001120,Ordered,74
POL001120,Received,74
POL001120,Rejected,1
POL001121,Ordered,125
POL001121,Received,119
POL001121,Rejected,2
POL001122,Ordered,186
POL001122,Received,184
POL001122,Rejected,0
POL001123,Ordered,149
POL001123,Received,147
POL001123,Rejected,3
POL001124,Ordered,114
POL001124,Received,114
POL001124,Rejected,2
POL001125,Ordered,86
POL001125,Received,86
POL001125,Rejected,1
POL001126,Ordered,590
POL001126,Received,590
POL001126,Rejected,1
POL001127,Ordered,345
POL001127,Received,333
POL001127,Rejected,2
POL001128,Ordered,616
POL001128,Received,597
POL001128,Rejected,2
POL001129,Ordered,211
POL001129,Received,202
POL001129,Rejected,1
POL001130,Ordered,492
POL001130,Received,482
POL001130,Rejected,6
POL001131,Ordered,92
POL001131,Received,87
POL001131,Rejected,0
POL001132,Ordered,94
POL001132,Received,92
POL001132,Rejected,0
POL001133,Ordered,53
POL001133,Received,53
POL001133,Rejected,1
POL001134,Ordered,16
POL001134,Received,16
POL001134,Rejected,0
POL001135,Ordered,359
POL001135,Received,353
POL001135,Rejected,3
POL001136,Ordered,204
POL001136,Received,202
POL001136,Rejected,1
POL001137,Ordered,269
POL001137,Received,254
POL001137,Rejected,2
POL001138,Ordered,427
POL001138,Received,416
POL001138,Rejected,3
POL001139,Ordered,168
POL001139,Received,158
POL001139,Rejected,2
POL001140,Ordered,137
POL001140,Received,134
POL001140,Rejected,1
POL001141,Ordered,39
POL001141,Received,39
POL001141,Rejected,0
POL001142,Ordered,10
POL001142,Received,10
POL001142,Rejected,0
POL001143,Ordered,53
POL001143,Received,52
POL001143,Rejected,0
POL001144,Ordered,118
POL001144,Received,118
POL001144,Rejected,1
POL001145,Ordered,414
POL001145,Received,405
POL001145,Rejected,1
POL001146,Ordered,456
POL001146,Received,447
POL001146,Rejected,3
POL001147,Ordered,122
POL001147,Received,121
POL001147,Rejected,0
POL001148,Ordered,116
POL001148,Received,111
POL001148,Rejected,0
POL001149,Ordered,90
POL001149,Received,0
POL001149,Rejected,0
POL001150,Ordered,615
POL001150,Received,615
POL001150,Rejected,10
POL001151,Ordered,155
POL001151,Received,153
POL001151,Rejected,1
POL001152,ordered,137
POL001152,Received,136
POL001152,Rejected,3
POL001153,Ordered,73
POL001153,Received,73
POL001153,Rejected,1
POL001154,Ordered,210
POL001154,Received,206
POL001154,Rejected,2
POL001155,Ordered,300
POL001155,Received,293
POL001155,Rejected,2
POL001156,Ordered,277
POL001156,Received,0
POL001156,Rejected,0
POL001157,Ordered,13
POL001157,Received,13
POL001157,Rejected,0
POL001158,Ordered,33
POL001158,Received,33
POL001158,Rejected,0
POL001159,Ordered,139
POL001159,Received,138
POL001159,Rejected,1
POL001160,Ordered,189
POL001160,Received,187
POL001160,Rejected,1
POL001161,Ordered,621
POL001161,Received,593
POL001161,Rejected,6
POL001162,Ordered,619
POL001162,Received,619
POL001162,Rejected,1
POL001163,Ordered,84
POL001163,Received,82
POL001163,Rejected,0
POL001164,Ordered,207
POL001164,Received,202
POL001164,Rejected,1
POL001165,Ordered,210
POL001165,Received,206
POL001165,Rejected,2
POL001166,Ordered,174
POL001166,Received,163
POL001166,Rejected,0
POL001167,Ordered,101
POL001167,Received,101
POL001167,Rejected,0
POL001168,Ordered,146
POL001168,Received,146
POL001168,Rejected,3
POL001169,Ordered,131
POL001169,Received,128
POL001169,Rejected,3
POL001170,Ordered,77
POL001170,Received,76
POL001170,Rejected,1
POL001171,Ordered,503
POL001171,Received,483
POL001171,Rejected,3
POL001172,Ordered,527
POL001172,Received,515
POL001172,Rejected,6
POL001173,Ordered,510
POL001173,Received,496
POL001173,Rejected,0
POL001174,Ordered,211
POL001174,Received,211
POL001174,Rejected,2
POL001175,Ordered,81
POL001175,Received,0
POL001175,Rejected,0
POL001176,Ordered,62
POL001176,Received,61
POL001176,Rejected,1
POL001177,Ordered,102
POL001177,Received,99
POL001177,Rejected,1
POL001178,Ordered,358
POL001178,Received,354
POL001178,Rejected,4
POL001179,Ordered,439
POL001179,Received,431
POL001179,Rejected,2
POL001180,Ordered,488
POL001180,Received,488
POL001180,Rejected,3
POL001181,Ordered,208
POL001181,Received,0
POL001181,Rejected,0
POL001182,Ordered,17
POL001182,Received,17
POL001182,Rejected,0
POL001183,Ordered,104
POL001183,Received,103
POL001183,Rejected,1
POL001184,Ordered,231
POL001184,Received,222
POL001184,Rejected,2
POL001185,Ordered,369
POL001185,Received,369
POL001185,Rejected,9
POL001186,Ordered,407
POL001186,Received,395
POL001186,Rejected,1
POL001187,Ordered,121
POL001187,Received,118
POL001187,Rejected,0
POL001188,Ordered,64
POL001188,Received,61
POL001188,Rejected,0
POL001189,Ordered,210
POL001189,Received,199
POL001189,Rejected,1
POL001190,Ordered,110
POL001190,Received,109
POL001190,Rejected,0
POL001191,Ordered,170
POL001191,Received,168
POL001191,Rejected,1
POL001192,Ordered,203
POL001192,Received,200
POL001192,Rejected,0
POL001193,Ordered,80
POL001193,Received,78
POL001193,Rejected,0
POL001194,Ordered,115
POL001194,Received,115
POL001194,Rejected,2
POL001195,Ordered,262
POL001195,Received,262
POL001195,Rejected,3
POL001196,Ordered,505
POL001196,Received,491
POL001196,Rejected,1
POL001197,Ordered,545
POL001197,Received,543
POL001197,Rejected,8
POL001198,Ordered,260
POL001198,Received,0
POL001198,Rejected,0
POL001199,Ordered,128
POL001199,Received,123
POL001199,Rejected,2
POL001200,Ordered,508
POL001200,Received,493
POL001200,Rejected,4
POL001201,Ordered,84
POL001201,Received,80
POL001201,Rejected,0
POL001202,Ordered,339
POL001202,Received,326
POL001202,Rejected,3
POL001203,Ordered,175
POL001203,Received,172
POL001203,Rejected,2
POL001204,Ordered,96
POL001204,Received,96
POL001204,Rejected,1
POL001205,Ordered,267
POL001205,Received,260
POL001205,Rejected,1
POL001206,Ordered,139
POL001206,Received,139
POL001206,Rejected,0
POL001207,Ordered,116
POL001207,Received,115
POL001207,Rejected,0
POL001208,Ordered,122
POL001208,Received,119
POL001208,Rejected,1
POL001209,Ordered,584
POL001209,Received,577
POL001209,Rejected,1
POL001210,Ordered,269
POL001210,Received,269
POL001210,Rejected,3
POL001211,Ordered,229
POL001211,Received,223
POL001211,Rejected,1
POL001212,Ordered,405
POL001212,Received,405
POL001212,Rejected,1
POL001213,Ordered,245
POL001213,Received,245
POL001213,Rejected,1
POL001214,Ordered,149
POL001214,Received,143
POL001214,Rejected,0
POL001215,Ordered,584
POL001215,Received,572
POL001215,Rejected,6
POL001216,Ordered,136
POL001216,Received,136
POL001216,Rejected,0
POL001217,Ordered,233
POL001217,Received,233
POL001217,Rejected,4
POL001218,Ordered,311
POL001218,Received,307
POL001218,Rejected,2
POL001219,Ordered,162
POL001219,Received,162
POL001219,Rejected,1
POL001220,Ordered,159
POL001220,Received,157
POL001220,Rejected,1
POL001221,Ordered,96
POL001221,Received,93
POL001221,Rejected,1
POL001222,Ordered,60
POL001222,Received,57
POL001222,Rejected,0
POL001223,Ordered,220
POL001223,Received,215
POL001223,Rejected,2
POL001224,Ordered,46
POL001224,Received,45
POL001224,Rejected,1
POL001225,Ordered,70
POL001225,Received,68
POL001225,Rejected,0
POL001226,Ordered,117
POL001226,Received,112
POL001226,Rejected,1
POL001227,Ordered,10
POL001227,Received,9
POL001227,rejected,0
POL001228,Ordered,13
POL001228,Received,12
POL001228,Rejected,0
POL001229,Ordered,128
POL001229,Received,128
POL001229,Rejected,1
POL001230,Ordered,211
POL001230,Received,207
POL001230,Rejected,2
POL001231,Ordered,218
POL001231,Received,218
POL001231,Rejected,1
POL001232,Ordered,25
POL001232,Received,25
POL001232,Rejected,0
POL001233,Ordered,52
POL001233,Received,52
POL001233,Rejected,1
POL001234,Ordered,182
POL001234,Received,176
POL001234,Rejected,2
POL001235,Ordered,171
POL001235,Received,171
POL001235,Rejected,0
POL001236,Ordered,85
POL001236,Received,84
POL001236,Rejected,2
POL001237,Ordered,461
POL001237,Received,461
POL001237,Rejected,7
POL001238,Ordered,646
POL001238,Received,646
POL001238,Rejected,6
POL001239,Ordered,197
POL001239,Received,197
POL001239,Rejected,2
POL001240,Ordered,57
POL001240,Received,55
POL001240,Rejected,0
POL001241,Ordered,444
POL001241,Received,426
POL001241,Rejected,5
POL001242,Ordered,598
POL001242,Received,595
POL001242,Rejected,3
POL001243,Ordered,616
POL001243,Received,604
POL001243,Rejected,0
POL001244,ordered,144
POL001244,Received,138
POL001244,Rejected,1
POL001245,Ordered,27
POL001245,Received,27
POL001245,Rejected,0
POL001246,Ordered,79
POL001246,Received,77
POL001246,Rejected,0
POL001247,Ordered,22
POL001247,Received,22
POL001247,Rejected,0
POL001248,Ordered,251
POL001248,Received,235
POL001248,Rejected,1
POL001249,Ordered,152
POL001249,Received,150
POL001249,Rejected,1
POL001250,Ordered,306
POL001250,Received,296
POL001250,Rejected,2
POL001251,Ordered,633
POL001251,Received,625
POL001251,Rejected,5
POL001252,Ordered,212
POL001252,Received,210
POL001252,Rejected,2
POL001253,Ordered,575
POL001253,Received,575
POL001253,Rejected,7
POL001254,Ordered,556
POL001254,Received,556
POL001254,Rejected,3
POL001255,Ordered,493
POL001255,Received,493
POL001255,Rejected,5
POL001256,Ordered,192
POL001256,Received,191
POL001256,Rejected,1
POL001257,Ordered,402
POL001257,Received,402
POL001257,Rejected,0
POL001258,Ordered,567
POL001258,Received,567
POL001258,Rejected,7
POL001259,Ordered,177
POL001259,Received,177
POL001259,Rejected,2
POL001260,Ordered,166
POL001260,Received,165
POL001260,Rejected,1
POL001261,Ordered,535
POL001261,Received,534
POL001261,Rejected,9
POL001262,Ordered,486
POL001262,Received,486
POL001262,Rejected,1
POL001263,Ordered,88
POL001263,Received,86
POL001263,Rejected,1
POL001264,Ordered,97
POL001264,Received,97
POL001264,Rejected,0
POL001265,Ordered,497
POL001265,Received,494
POL001265,Rejected,6
POL001266,Ordered,301
POL001266,Received,284
POL001266,Rejected,3
POL001267,Ordered,483
POL001267,Received,465
POL001267,Rejected,3
POL001268,Ordered,166
POL001268,Received,162
POL001268,Rejected,2
POL001269,Ordered,117
POL001269,Received,113
POL001269,Rejected,1
POL001270,Ordered,124
POL001270,Received,124
POL001270,Rejected,0
POL001271,Ordered,202
POL001271,Received,195
POL001271,Rejected,2
POL001272,Ordered,185
POL001272,Received,184
POL001272,Rejected,2
POL001273,Ordered,123
POL001273,Received,123
POL001273,Rejected,1
POL001274,Ordered,548
POL001274,Received,548
POL001274,Rejected,4
POL001275,Ordered,212
POL001275,Received,206
POL001275,Rejected,1
POL001276,Ordered,91
POL001276,Received,91
POL001276,Rejected,0
POL001277,Ordered,216
POL001277,Received,204
POL001277,Rejected,0
POL001278,Ordered,643
POL001278,Received,643
POL001278,Rejected,12
POL001279,Ordered,144
POL001279,Received,141
POL001279,Rejected,0
POL001280,Ordered,603
POL001280,Received,603
POL001280,Rejected,9
POL001281,Ordered,203
POL001281,Received,203
POL001281,Rejected,5
POL001282,Ordered,619
POL001282,Received,618
POL001282,Rejected,5
POL001283,Ordered,87
POL001283,Received,86
POL001283,Rejected,1
POL001284,Ordered,173
POL001284,Received,173
POL001284,Rejected,2
POL001285,Ordered,196
POL001285,Received,189
POL001285,Rejected,1
POL001286,Ordered,629
POL001286,Received,629
POL001286,Rejected,1
POL001287,Ordered,410
POL001287,Received,409
POL001287,Rejected,0
POL001288,Ordered,104
POL001288,Received,104
POL001288,Rejected,1
POL001289,Ordered,66
POL001289,Received,64
POL001289,Rejected,0
POL001290,Ordered,210
POL001290,Received,205
POL001290,Rejected,3
POL001291,Ordered,124
POL001291,Received,117
POL001291,Rejected,1
POL001292,Ordered,92
POL001292,received,88
POL001292,Rejected,1
POL001293,Ordered,207
POL001293,Received,207
POL001293,Rejected,2
POL001294,Ordered,468
POL001294,Received,463
POL001294,Rejected,15
POL001295,Ordered,80
POL001295,Received,78
POL001295,Rejected,2
POL001296,Ordered,388
POL001296,Received,379
POL001296,Rejected,6
POL001297,Ordered,440
POL001297,Received,0
POL001297,Rejected,0
POL001298,Ordered,151
POL001298,Received,151
POL001298,Rejected,0
POL001299,Ordered,97
POL001299,Received,95
POL001299,Rejected,1
POL001300,Ordered,49
POL001300,Received,49
POL001300,Rejected,1
POL001301,Ordered,131
POL001301,Received,127
POL001301,Rejected,2
POL001302,Ordered,132
POL001302,Received,132
POL001302,Rejected,1
POL001303,Ordered,236
POL001303,Received,233
POL001303,Rejected,2
POL001304,Ordered,441
POL001304,Received,434
POL001304,Rejected,5
POL001305,Ordered,501
POL001305,Received,499
POL001305,Rejected,2
POL001306,Ordered,115
POL001306,Received,0
POL001306,Rejected,0
POL001307,Ordered,498
POL001307,Received,477
POL001307,Rejected,1
POL001308,Ordered,528
POL001308,Received,494
POL001308,Rejected,4
POL001309,Ordered,650
POL001309,Received,245
POL001309,Rejected,2
POL001310,Ordered,176
POL001310,Received,173
POL001310,Rejected,0
POL001311,Ordered,19
POL001311,Received,19
POL001311,Rejected,0
POL001312,Ordered,423
POL001312,Received,423
POL001312,Rejected,4
POL001313,Ordered,363
POL001313,Received,358
POL001313,Rejected,3
POL001314,Ordered,176
POL001314,Received,173
POL001314,Rejected,1
POL001315,Ordered,220
POL001315,Received,0
POL001315,Rejected,0
POL001316,Ordered,92
POL001316,Received,91
POL001316,Rejected,1
POL001317,Ordered,449
POL001317,Received,437
POL001317,Rejected,1
POL001318,Ordered,319
POL001318,Received,319
POL001318,Rejected,1
POL001319,Ordered,463
POL001319,Received,445
POL001319,Rejected,9
POL001320,Ordered,631
POL001320,Received,620
POL001320,Rejected,9
POL001321,Ordered,174
POL001321,Received,173
POL001321,Rejected,2
POL001322,Ordered,189
POL001322,Received,189
POL001322,Rejected,1
POL001323,Ordered,112
POL001323,Received,112
POL001323,Rejected,1
POL001324,Ordered,198
POL001324,Received,195
POL001324,Rejected,1
POL001325,Ordered,185
POL001325,Received,184
POL001325,Rejected,2
POL001326,Ordered,170
POL001326,Received,160
POL001326,Rejected,1
POL001327,Ordered,116
POL001327,Received,74
POL001327,Rejected,1
POL001328,Ordered,85
POL001328,Received,27
POL001328,Rejected,0
POL001329,Ordered,374
POL001329,Received,365
POL001329,Rejected,1
POL001330,Ordered,423
POL001330,Received,423
POL001330,Rejected,1
POL001331,Ordered,337
POL001331,Received,329
POL001331,Rejected,2
POL001332,Ordered,315
POL001332,Received,313
POL001332,Rejected,2
POL001333,Ordered,62
POL001333,Received,61
POL001333,Rejected,0
POL001334,Ordered,70
POL001334,Received,70
POL001334,Rejected,0
POL001335,Ordered,39
POL001335,Received,38
POL001335,Rejected,0
POL001336,Ordered,165
POL001336,Received,165
POL001336,Rejected,2
POL001337,Ordered,28
POL001337,Received,28
POL001337,Rejected,0
POL001338,Ordered,135
POL001338,Received,66
POL001338,Rejected,0
POL001339,Ordered,175
POL001339,Received,170
POL001339,Rejected,2
POL001340,Ordered,126
POL001340,Received,124
POL001340,Rejected,0
POL001341,Ordered,47
POL001341,Received,46
POL001341,Rejected,0
POL001342,Ordered,109
POL001342,Received,109
POL001342,Rejected,1
POL001343,Ordered,46
POL001343,received,46
POL001343,Rejected,0
POL001344,Ordered,139
POL001344,Received,135
POL001344,Rejected,1
POL001345,Ordered,148
POL001345,Received,0
POL001345,Rejected,0
POL001346,Ordered,444
POL001346,Received,444
POL001346,Rejected,7
POL001347,Ordered,533
POL001347,Received,533
POL001347,Rejected,12
POL001348,Ordered,555
POL001348,Received,523
POL001348,Rejected,10
POL001349,Ordered,583
POL001349,Received,583
POL001349,Rejected,7
POL001350,Ordered,388
POL001350,Received,371
POL001350,Rejected,1
POL001351,Ordered,550
POL001351,Received,545
POL001351,Rejected,1
POL001352,Ordered,438
POL001352,Received,435
POL001352,Rejected,1
POL001353,Ordered,468
POL001353,Received,463
POL001353,Rejected,5
POL001354,Ordered,456
POL001354,Received,448
POL001354,Rejected,1
POL001355,Ordered,359
POL001355,Received,348
POL001355,Rejected,3
POL001356,Ordered,17
POL001356,Received,9
POL001356,Rejected,0
POL001357,Ordered,64
POL001357,Received,61
POL001357,Rejected,1
POL001358,Ordered,16
POL001358,Received,15
POL001358,Rejected,0
POL001359,Ordered,35
POL001359,Received,15
POL001359,Rejected,0
POL001360,Ordered,479
POL001360,Received,479
POL001360,Rejected,9
POL001361,Ordered,171
POL001361,Received,166
POL001361,Rejected,3
POL001362,Ordered,488
POL001362,Received,487
POL001362,Rejected,0
POL001363,Ordered,497
POL001363,Received,491
POL001363,Rejected,1
POL001364,Ordered,26
POL001364,Received,26
POL001364,Rejected,0
POL001365,Ordered,167
POL001365,Received,163
POL001365,Rejected,3
POL001366,Ordered,391
POL001366,Received,381
POL001366,Rejected,4
POL001367,Ordered,464
POL001367,Received,458
POL001367,Rejected,5
POL001368,Ordered,139
POL001368,Received,135
POL001368,Rejected,1
POL001369,Ordered,425
POL001369,Received,409
POL001369,Rejected,1
POL001370,Ordered,551
POL001370,Received,551
POL001370,Rejected,5
POL001371,Ordered,168
POL001371,Received,168
POL001371,Rejected,1
POL001372,ordered,195
POL001372,Received,189
POL001372,Rejected,2
POL001373,Ordered,638
POL001373,Received,638
POL001373,Rejected,6
POL001374,Ordered,466
POL001374,Received,466
POL001374,Rejected,5
POL001375,Ordered,190
POL001375,Received,187
POL001375,Rejected,2
