Supplier_ID,Risk_Level,Supplier_Rating,Quality_Score,Delivery_Score,Financial_Stability_Score,Last_Assessment_Date
SUP001,Medium,4.70,90,82,83,2025-02-22
SUP002,Medium,2.90,81,78,90,2025-12-01
SUP003,Medium,4.00,85,89,81,2025-07-10
SUP004,Low,4.80,94,88,94,2025-04-02
SUP005,Low,4.10,92,96,89,2025-12-20
SUP006,Low,4.50,95,86,83,2025-08-25
SUP007,Medium,4.80,89,88,81,2025-07-04
SUP008,Medium,3.90,86,73,80,2025-09-04
SUP009,Medium,3.80,93,82,86,2025-04-02
SUP010,Medium,4.00,84,83,94,2025-05-14
SUP011,Low,4.50,88,89,91,2025-12-16
SUP012,Medium,3.60,85,79,78,2025-11-25
SUP013,Medium,4.20,97,82,82,2025-02-11
SUP014,Low,4.10,90,86,94,2025-10-03
SUP015,Medium,4.20,82,78,90,2025-10-05
SUP016,Medium,3.90,72,87,82,2025-06-02
SUP017,Low,4.50,91,83,97,2025-10-23
SUP018,Medium,4.90,92,86,83,2025-11-22
SUP019,Low,4.60,97,94,80,2025-12-21
SUP020,Low,4.60,88,94,92,2025-08-21
SUP021,Medium,3.60,82,75,85,2025-08-17
SUP022,Medium,4.40,78,80,92,2025-02-24
SUP023,Low,3.30,91,80,97,2025-04-06
SUP024,Medium,4.60,81,94,71,2025-06-12
SUP025,Medium,4.00,77,81,84,2025-08-22
SUP026,Medium,3.60,91,63,94,2025-04-17
SUP027,Medium,3.80,91,73,82,2025-08-09
SUP028,Medium,3.30,82,73,92,2025-06-13
SUP029,Medium,3.20,78,67,95,2025-07-24
SUP030,Medium,3.60,86,71,85,2025-04-09
SUP031,Medium,4.20,84,81,72,2025-11-05
SUP032,Medium,4.40,90,85,86,2025-04-10
SUP033,Medium,3.50,77,98,81,2025-09-06
SUP034,Low,4.70,80,97,89,2025-02-09
SUP035,Medium,4.70,90,86,84,2025-07-17
SUP036,Medium,4.10,95,86,80,2025-10-02
SUP037,Medium,3.80,94,79,85,2025-05-24
SUP038,Medium,3.60,81,93,88,2025-02-09
SUP039,Medium,3.50,98,73,80,2025-06-18
SUP040,Medium,4.80,89,93,79,2025-10-22
SUP041,Medium,4.10,81,75,84,2025-08-20
SUP042,Medium,4.20,89,91,83,2025-07-24
SUP043,Low,4.70,88,91,86,2025-08-19
SUP044,Low,4.40,89,89,88,2025-09-19
SUP045,Medium,3.70,81,77,78,2025-11-13
SUP046,Medium,3.70,83,97,77,2025-03-05
SUP047,Medium,3.80,85,70,79,2025-08-02
SUP048,Low,4.50,99,78,94,2025-12-25
